"DT_RUN","LB_EVENT","TS_START","TS_END","NB_ROW"
"2021-01-08",AGG_MATCHs_UPDATES,"2021-01-08 13:00:00","2021-01-08 13:00:00",0
"2021-01-08",DIM_SAISON_UPDATE_IS_ACTIVE,"2021-01-08 06:00:00","2021-01-08 06:00:00",0
"2021-01-09",AGG_MATCHs_UPDATES,"2021-01-09 13:00:00","2021-01-09 13:00:00",0
"2021-01-09",DIM_SAISON_UPDATE_IS_ACTIVE,"2021-01-09 06:00:00","2021-01-09 06:00:00",0
"2021-01-10",AGG_MATCHs_UPDATES,"2021-01-10 13:00:00","2021-01-10 13:00:01",0
"2021-01-10",DIM_SAISON_UPDATE_IS_ACTIVE,"2021-01-10 06:00:01","2021-01-10 06:00:01",0
"2021-01-11",AGG_MATCHs_UPDATES,"2021-01-11 13:00:00","2021-01-11 13:00:01",0
"2021-01-11",DIM_JOUEUR_UPDATES,"2021-01-11 00:20:00","2021-01-11 00:20:02",0
"2021-01-11",DIM_SAISON_UPDATE_IS_ACTIVE,"2021-01-11 06:00:00","2021-01-11 06:00:01",0
"2021-01-12",AGG_MATCHs_UPDATES,"2021-01-12 13:00:00","2021-01-12 13:00:00",0
"2021-01-12",DIM_SAISON_UPDATE_IS_ACTIVE,"2021-01-12 06:00:01","2021-01-12 06:00:01",0
"2021-01-13",AGG_MATCHs_UPDATES,"2021-01-13 13:00:00","2021-01-13 13:00:00",0
"2021-01-13",DIM_SAISON_UPDATE_IS_ACTIVE,"2021-01-13 06:00:00","2021-01-13 06:00:00",0
"2021-01-14",AGG_MATCHs_UPDATES,"2021-01-14 13:00:00","2021-01-14 13:00:00",0
"2021-01-14",DIM_SAISON_UPDATE_IS_ACTIVE,"2021-01-14 06:00:00","2021-01-14 06:00:00",0
"2021-01-15",AGG_MATCHs_UPDATES,"2021-01-15 13:00:00","2021-01-15 13:00:00",0
"2021-01-15",DIM_SAISON_UPDATE_IS_ACTIVE,"2021-01-15 06:00:00","2021-01-15 06:00:00",0
"2021-01-16",AGG_MATCHs_UPDATES,"2021-01-16 13:00:00","2021-01-16 13:00:00",0
"2021-01-16",DIM_SAISON_UPDATE_IS_ACTIVE,"2021-01-16 06:00:00","2021-01-16 06:00:00",0
"2021-01-17",AGG_MATCHs_UPDATES,"2021-01-17 13:00:00","2021-01-17 13:00:00",0
"2021-01-17",DIM_SAISON_UPDATE_IS_ACTIVE,"2021-01-17 06:00:00","2021-01-17 06:00:00",0
"2021-01-18",AGG_MATCHs_UPDATES,"2021-01-18 13:00:00","2021-01-18 13:00:00",0
"2021-01-18",DIM_JOUEUR_UPDATES,"2021-01-18 00:20:00","2021-01-18 00:20:01",0
"2021-01-18",DIM_SAISON_UPDATE_IS_ACTIVE,"2021-01-18 06:00:00","2021-01-18 06:00:00",0
"2021-01-19",AGG_MATCHs_UPDATES,"2021-01-19 13:00:00","2021-01-19 13:00:00",0
"2021-01-19",DIM_SAISON_UPDATE_IS_ACTIVE,"2021-01-19 06:00:00","2021-01-19 06:00:00",0
"2021-01-20",AGG_MATCHs_UPDATES,"2021-01-20 13:00:00","2021-01-20 13:00:00",0
"2021-01-20",DIM_SAISON_UPDATE_IS_ACTIVE,"2021-01-20 06:00:00","2021-01-20 06:00:00",0
"2021-01-21",AGG_MATCHs_UPDATES,"2021-01-21 13:00:00","2021-01-21 13:00:00",0
"2021-01-21",DIM_SAISON_UPDATE_IS_ACTIVE,"2021-01-21 06:00:00","2021-01-21 06:00:00",0
"2021-01-22",AGG_MATCHs_UPDATES,"2021-01-22 13:00:00","2021-01-22 13:00:00",0
"2021-01-22",DIM_SAISON_UPDATE_IS_ACTIVE,"2021-01-22 06:00:00","2021-01-22 06:00:00",0
"2021-01-23",AGG_MATCHs_UPDATES,"2021-01-23 13:00:00","2021-01-23 13:00:00",0
"2021-01-23",DIM_SAISON_UPDATE_IS_ACTIVE,"2021-01-23 06:00:00","2021-01-23 06:00:00",0
"2021-01-24",AGG_MATCHs_UPDATES,"2021-01-24 13:00:00","2021-01-24 13:00:00",0
"2021-01-24",DIM_SAISON_UPDATE_IS_ACTIVE,"2021-01-24 06:00:00","2021-01-24 06:00:00",0
"2021-01-25",AGG_MATCHs_UPDATES,"2021-01-25 13:00:00","2021-01-25 13:00:00",0
"2021-01-25",DIM_JOUEUR_UPDATES,"2021-01-25 00:20:00","2021-01-25 00:20:01",0
"2021-01-25",DIM_SAISON_UPDATE_IS_ACTIVE,"2021-01-25 06:00:00","2021-01-25 06:00:00",0
"2021-01-26",AGG_MATCHs_UPDATES,"2021-01-26 13:00:00","2021-01-26 13:00:00",0
"2021-01-26",DIM_SAISON_UPDATE_IS_ACTIVE,"2021-01-26 06:00:00","2021-01-26 06:00:00",0
"2021-01-27",AGG_MATCHs_UPDATES,"2021-01-27 13:00:00","2021-01-27 13:00:00",0
"2021-01-27",DIM_SAISON_UPDATE_IS_ACTIVE,"2021-01-27 06:00:00","2021-01-27 06:00:00",0
"2021-01-28",AGG_MATCHs_UPDATES,"2021-01-28 13:00:00","2021-01-28 13:00:00",0
"2021-01-28",DIM_SAISON_UPDATE_IS_ACTIVE,"2021-01-28 06:00:00","2021-01-28 06:00:00",0
"2021-01-29",AGG_MATCHs_UPDATES,"2021-01-29 13:00:00","2021-01-29 13:00:00",0
"2021-01-29",DIM_SAISON_UPDATE_IS_ACTIVE,"2021-01-29 06:00:00","2021-01-29 06:00:00",0
"2021-01-30",AGG_MATCHs_UPDATES,"2021-01-30 13:00:00","2021-01-30 13:00:00",0
"2021-01-30",DIM_SAISON_UPDATE_IS_ACTIVE,"2021-01-30 06:00:00","2021-01-30 06:00:00",0
"2021-01-31",AGG_MATCHs_UPDATES,"2021-01-31 13:00:01","2021-01-31 13:00:01",0
"2021-01-31",DIM_SAISON_UPDATE_IS_ACTIVE,"2021-01-31 06:00:01","2021-01-31 06:00:01",0
"2021-02-01",AGG_MATCHs_UPDATES,"2021-02-01 13:00:00","2021-02-01 13:00:00",0
"2021-02-01",DIM_JOUEUR_UPDATES,"2021-02-01 00:20:00","2021-02-01 00:20:01",0
"2021-02-01",DIM_SAISON_UPDATE_IS_ACTIVE,"2021-02-01 06:00:00","2021-02-01 06:00:00",0
"2021-02-02",AGG_MATCHs_UPDATES,"2021-02-02 13:00:00","2021-02-02 13:00:00",0
"2021-02-02",DIM_SAISON_UPDATE_IS_ACTIVE,"2021-02-02 06:00:00","2021-02-02 06:00:00",0
"2021-02-03",AGG_MATCHs_UPDATES,"2021-02-03 13:00:00","2021-02-03 13:00:00",0
"2021-02-03",DIM_SAISON_UPDATE_IS_ACTIVE,"2021-02-03 06:00:00","2021-02-03 06:00:00",0
"2021-02-04",PY_AGG_MATCH_GARDIEN,"2021-02-04 22:54:01","2021-02-04 22:54:20",9
"2021-02-04",PY_AGG_MATCH_JOUEUR,"2021-02-04 22:52:27","2021-02-04 22:52:58",52
"2021-02-04",PY_DIM_JOUEUR,"2021-02-04 22:31:49","2021-02-04 22:37:23",0
"2021-02-04",PY_DIM_MATCH,"2021-02-04 22:51:25","2021-02-04 22:52:15",2
"2021-02-04",PY_DIM_SAISON,"2021-02-04 22:31:48","2021-02-04 22:31:49",0
"2021-02-04",PY_EXECUTION_PLAN,"2021-02-04 22:31:47","2021-02-04 22:54:24",0
"2021-02-04",PY_PUSH_TO_PROD,"2021-02-04 22:54:20","2021-02-04 22:54:24",0
"2021-02-05",AGG_MATCHs_UPDATES,"2021-02-05 13:00:00","2021-02-05 13:00:00",0
"2021-02-05",DIM_SAISON_UPDATE_IS_ACTIVE,"2021-02-05 06:00:00","2021-02-05 06:00:00",0
"2021-02-05",PY_AGG_MATCH_GARDIEN,"2021-02-05 22:23:40","2021-02-05 22:24:37",12
"2021-02-05",PY_AGG_MATCH_JOUEUR,"2021-02-05 22:22:40","2021-02-05 22:23:39",81
"2021-02-05",PY_DIM_JOUEUR,"2021-02-05 21:47:02","2021-02-05 21:53:27",0
"2021-02-05",PY_DIM_MATCH,"2021-02-05 21:53:28","2021-02-05 21:55:30",3
"2021-02-05",PY_DIM_SAISON,"2021-02-05 21:47:00","2021-02-05 21:47:01",0
"2021-02-05",PY_EXECUTION_PLAN,"2021-02-05 21:46:59","2021-02-05 22:27:40",0
"2021-02-05",PY_FCT_MATCH,"2021-02-05 21:55:32","2021-02-05 22:27:38",406
"2021-02-05",PY_PUSH_TO_PROD,"2021-02-05 22:27:38","2021-02-05 22:27:40",0
"2021-02-06",AGG_MATCHs_UPDATES,"2021-02-06 13:00:00","2021-02-06 13:00:00",0
"2021-02-06",DIM_SAISON_UPDATE_IS_ACTIVE,"2021-02-06 06:00:00","2021-02-06 06:00:00",0
"2021-02-06",PY_AGG_MATCH_GARDIEN,"2021-02-06 22:24:19","2021-02-06 22:24:42",4
"2021-02-06",PY_AGG_MATCH_JOUEUR,"2021-02-06 22:23:51","2021-02-06 22:24:19",27
"2021-02-06",PY_DIM_JOUEUR,"2021-02-06 22:17:36","2021-02-06 22:22:11",0
"2021-02-06",PY_DIM_MATCH,"2021-02-06 22:22:11","2021-02-06 22:23:49",1
"2021-02-06",PY_DIM_SAISON,"2021-02-06 22:17:35","2021-02-06 22:17:35",0
"2021-02-06",PY_EXECUTION_PLAN,"2021-02-06 22:17:34","2021-02-06 22:25:36",0
"2021-02-06",PY_FCT_MATCH,"2021-02-06 22:25:15","2021-02-06 22:25:36",0
"2021-02-06",PY_PUSH_TO_PROD,"2021-02-06 22:25:36","2021-02-06 22:25:36",0
"2021-02-07",AGG_MATCH,"2021-02-07 13:18:22","2021-02-07 13:18:25",0
"2021-02-07",AGG_MATCHs_UPDATES,"2021-02-07 13:00:00",,0
"2021-02-07",DIM_SAISON_UPDATE_IS_ACTIVE,"2021-02-07 06:00:00","2021-02-07 06:00:00",0
"2021-02-07",PY_AGG_MATCH_GARDIEN,"2021-02-07 22:04:04","2021-02-07 22:04:29",4
"2021-02-07",PY_AGG_MATCH_JOUEUR,"2021-02-07 22:03:36","2021-02-07 22:04:03",26
"2021-02-07",PY_DIM_JOUEUR,"2021-02-07 21:56:50","2021-02-07 22:01:49",0
"2021-02-07",PY_DIM_MATCH,"2021-02-07 22:01:50","2021-02-07 22:03:34",1
"2021-02-07",PY_DIM_SAISON,"2021-02-07 21:56:50","2021-02-07 21:56:50",0
"2021-02-07",PY_EXECUTION_PLAN,"2021-02-07 21:56:49",,0
"2021-02-08",AGG_MATCH,"2021-02-08 01:00:00","2021-02-08 01:00:02",0
"2021-02-08",AGG_MATCHs_UPDATES,"2021-02-08 13:00:00",,0
"2021-02-08",DIM_JOUEUR_UPDATES,"2021-02-08 00:20:00","2021-02-08 00:20:01",0
"2021-02-08",DIM_SAISON_UPDATE_IS_ACTIVE,"2021-02-08 06:00:00","2021-02-08 06:00:00",0
"2021-02-09",AGG_MATCH_DAILY,"2021-02-09 01:00:00","2021-02-09 01:00:00",0
"2021-02-09",AGG_MATCHs_UPDATES,"2021-02-09 13:00:00",,0
"2021-02-09",DIM_SAISON_UPDATE_IS_ACTIVE,"2021-02-09 06:00:00","2021-02-09 06:00:00",0
"2021-02-10",AGG_MATCH_DAILY,"2021-02-10 01:00:00","2021-02-10 01:00:00",0
"2021-02-10",AGG_MATCHs_UPDATES,"2021-02-10 13:00:00",,0
"2021-02-10",DIM_SAISON_UPDATE_IS_ACTIVE,"2021-02-10 06:00:00","2021-02-10 06:00:00",0
"2021-02-11",AGG_MATCH_DAILY,"2021-02-11 01:00:00","2021-02-11 01:00:00",0
"2021-02-11",AGG_MATCHs_UPDATES,"2021-02-11 13:00:00",,0
"2021-02-11",DIM_SAISON_UPDATE_IS_ACTIVE,"2021-02-11 06:00:00","2021-02-11 06:00:00",0
"2021-02-11",PY_AGG_MATCH_GARDIEN,"2021-02-11 22:07:40","2021-02-11 22:08:27",4
"2021-02-11",PY_AGG_MATCH_JOUEUR,"2021-02-11 22:06:23","2021-02-11 22:07:37",27
"2021-02-11",PY_DIM_JOUEUR,"2021-02-11 21:58:58","2021-02-11 22:04:42",3
"2021-02-11",PY_DIM_MATCH,"2021-02-11 22:04:43","2021-02-11 22:06:20",1
"2021-02-11",PY_DIM_SAISON,"2021-02-11 21:58:57","2021-02-11 21:58:58",0
"2021-02-11",PY_EXECUTION_PLAN,"2021-02-11 21:58:56","2021-02-11 22:37:40",0
"2021-02-11",PY_FCT_MATCH,"2021-02-11 22:37:14","2021-02-11 22:37:39",0
"2021-02-11",PY_PUSH_TO_PROD,"2021-02-11 22:37:39","2021-02-11 22:37:39",0
"2021-02-12",AGG_MATCH_DAILY,"2021-02-12 01:00:00","2021-02-12 01:00:01",0
"2021-02-12",AGG_MATCHs_UPDATES,"2021-02-12 13:00:00",,0
"2021-02-12",DIM_SAISON_UPDATE_IS_ACTIVE,"2021-02-12 06:00:00","2021-02-12 06:00:00",0
"2021-02-12",PY_AGG_MATCH_GARDIEN,"2021-02-12 22:17:11","2021-02-12 22:18:03",12
"2021-02-12",PY_AGG_MATCH_JOUEUR,"2021-02-12 22:15:22","2021-02-12 22:17:10",83
"2021-02-12",PY_DIM_JOUEUR,"2021-02-12 22:09:35","2021-02-12 22:13:45",4
"2021-02-12",PY_DIM_MATCH,"2021-02-12 22:13:46","2021-02-12 22:15:19",3
"2021-02-12",PY_DIM_SAISON,"2021-02-12 22:09:34","2021-02-12 22:09:34",0
"2021-02-12",PY_EXECUTION_PLAN,"2021-02-12 22:09:33","2021-02-12 22:54:09",0
"2021-02-12",PY_FCT_MATCH,"2021-02-12 08:05:04","2021-02-12 08:05:28",143
"2021-02-12",PY_PUSH_TO_PROD,"2021-02-12 22:54:07","2021-02-12 22:54:09",0
"2021-02-13",AGG_MATCH_DAILY,"2021-02-13 01:00:00","2021-02-13 01:00:01",0
"2021-02-13",AGG_MATCHs_UPDATES,"2021-02-13 13:00:00",,0
"2021-02-13",DIM_SAISON_UPDATE_IS_ACTIVE,"2021-02-13 06:00:00","2021-02-13 06:00:00",0
"2021-02-13",PY_AGG_MATCH_GARDIEN,"2021-02-13 20:13:09","2021-02-13 20:13:36",8
"2021-02-13",PY_AGG_MATCH_JOUEUR,"2021-02-13 20:12:31","2021-02-13 20:13:08",54
"2021-02-13",PY_DIM_JOUEUR,"2021-02-13 20:05:39","2021-02-13 20:10:25",0
"2021-02-13",PY_DIM_MATCH,"2021-02-13 20:10:26","2021-02-13 20:12:14",2
"2021-02-13",PY_DIM_SAISON,"2021-02-13 20:05:38","2021-02-13 20:05:38",0
"2021-02-13",PY_EXECUTION_PLAN,"2021-02-13 20:05:37","2021-02-13 20:43:50",0
"2021-02-13",PY_PUSH_TO_PROD,"2021-02-13 20:43:50","2021-02-13 20:43:50",0
"2021-02-14",AGG_MATCH_DAILY,"2021-02-14 01:00:00","2021-02-14 01:00:01",0
"2021-02-14",AGG_MATCHs_UPDATES,"2021-02-14 13:00:00",,0
"2021-02-14",DIM_SAISON_UPDATE_IS_ACTIVE,"2021-02-14 06:00:00","2021-02-14 06:00:00",0
"2021-02-15",AGG_MATCH_DAILY,"2021-02-15 01:00:00","2021-02-15 01:00:00",0
"2021-02-15",AGG_MATCHs_UPDATES,"2021-02-15 13:00:00",,0
"2021-02-15",DIM_JOUEUR_UPDATES,"2021-02-15 00:20:00","2021-02-15 00:20:01",0
"2021-02-15",DIM_SAISON_UPDATE_IS_ACTIVE,"2021-02-15 06:00:00","2021-02-15 06:00:00",0
"2021-02-16",AGG_MATCH_DAILY,"2021-02-16 01:00:00","2021-02-16 01:00:00",0
"2021-02-16",AGG_MATCHs_UPDATES,"2021-02-16 13:00:00",,0
"2021-02-16",DIM_SAISON_UPDATE_IS_ACTIVE,"2021-02-16 06:00:00","2021-02-16 06:00:00",0
"2021-02-16",PY_AGG_MATCH_GARDIEN,"2021-02-16 22:19:27","2021-02-16 22:19:50",4
"2021-02-16",PY_AGG_MATCH_JOUEUR,"2021-02-16 22:18:54","2021-02-16 22:19:26",28
"2021-02-16",PY_DIM_JOUEUR,"2021-02-16 22:12:52","2021-02-16 22:17:04",0
"2021-02-16",PY_DIM_MATCH,"2021-02-16 22:17:05","2021-02-16 22:18:51",1
"2021-02-16",PY_DIM_SAISON,"2021-02-16 22:12:51","2021-02-16 22:12:51",0
"2021-02-16",PY_EXECUTION_PLAN,"2021-02-16 22:12:50","2021-02-16 22:50:42",0
"2021-02-16",PY_FCT_MATCH,"2021-02-16 22:50:20","2021-02-16 22:50:42",0
"2021-02-16",PY_PUSH_TO_PROD,"2021-02-16 22:50:42","2021-02-16 22:50:42",0
"2021-02-17",AGG_MATCH_DAILY,"2021-02-17 01:00:00","2021-02-17 01:00:01",0
"2021-02-17",AGG_MATCHs_UPDATES,"2021-02-17 13:00:00",,0
"2021-02-17",DIM_SAISON_UPDATE_IS_ACTIVE,"2021-02-17 06:00:00","2021-02-17 06:00:00",0
"2021-02-18",AGG_MATCH_DAILY,"2021-02-18 01:00:00","2021-02-18 01:00:01",0
"2021-02-18",AGG_MATCHs_UPDATES,"2021-02-18 13:00:00",,0
"2021-02-18",DIM_SAISON_UPDATE_IS_ACTIVE,"2021-02-18 06:00:00","2021-02-18 06:00:00",0
"2021-02-18",PY_AGG_MATCH_GARDIEN,"2021-02-18 22:01:43","2021-02-18 22:02:16",5
"2021-02-18",PY_AGG_MATCH_JOUEUR,"2021-02-18 22:01:03","2021-02-18 22:01:42",27
"2021-02-18",PY_DIM_JOUEUR,"2021-02-18 21:52:58","2021-02-18 21:59:06",1
"2021-02-18",PY_DIM_MATCH,"2021-02-18 21:59:06","2021-02-18 22:00:59",1
"2021-02-18",PY_DIM_SAISON,"2021-02-18 21:52:56","2021-02-18 21:52:57",0
"2021-02-18",PY_EXECUTION_PLAN,"2021-02-18 21:52:55","2021-02-18 22:37:26",0
"2021-02-18",PY_PUSH_TO_PROD,"2021-02-18 22:37:23","2021-02-18 22:37:26",0
"2021-02-19",AGG_MATCH_DAILY,"2021-02-19 01:00:00","2021-02-19 01:00:01",0
"2021-02-19",AGG_MATCHs_UPDATES,"2021-02-19 13:00:00",,0
"2021-02-19",DIM_SAISON_UPDATE_IS_ACTIVE,"2021-02-19 06:00:00","2021-02-19 06:00:00",0
"2021-02-19",PY_AGG_MATCH_GARDIEN,"2021-02-19 22:02:27","2021-02-19 22:03:10",13
"2021-02-19",PY_AGG_MATCH_JOUEUR,"2021-02-19 22:01:29","2021-02-19 22:02:26",79
"2021-02-19",PY_DIM_JOUEUR,"2021-02-19 21:53:20","2021-02-19 21:59:12",0
"2021-02-19",PY_DIM_MATCH,"2021-02-19 21:59:12","2021-02-19 22:01:18",3
"2021-02-19",PY_DIM_SAISON,"2021-02-19 21:53:19","2021-02-19 21:53:20",0
"2021-02-19",PY_EXECUTION_PLAN,"2021-02-19 21:53:18","2021-02-19 23:21:52",0
"2021-02-19",PY_FCT_MATCH,"2021-02-19 23:21:02","2021-02-19 23:21:41",469
"2021-02-19",PY_PUSH_TO_PROD,"2021-02-19 23:21:50","2021-02-19 23:21:52",0
"2021-02-20",AGG_MATCH_DAILY,"2021-02-20 01:00:00","2021-02-20 01:00:01",0
"2021-02-20",AGG_MATCHs_UPDATES,"2021-02-20 13:00:00",,0
"2021-02-20",DIM_SAISON_UPDATE_IS_ACTIVE,"2021-02-20 06:00:00","2021-02-20 06:00:00",0
"2021-02-20",PY_AGG_MATCH_GARDIEN,"2021-02-20 22:51:02","2021-02-20 22:51:28",8
"2021-02-20",PY_AGG_MATCH_JOUEUR,"2021-02-20 22:50:24","2021-02-20 22:51:01",56
"2021-02-20",PY_DIM_JOUEUR,"2021-02-20 22:43:12","2021-02-20 22:48:17",0
"2021-02-20",PY_DIM_MATCH,"2021-02-20 22:48:17","2021-02-20 22:50:05",2
"2021-02-20",PY_DIM_SAISON,"2021-02-20 22:43:12","2021-02-20 22:43:12",0
"2021-02-20",PY_EXECUTION_PLAN,"2021-02-20 22:43:11","2021-02-20 23:24:30",0
"2021-02-20",PY_FCT_MATCH,"2021-02-20 23:24:01","2021-02-20 23:24:28",279
"2021-02-20",PY_PUSH_TO_PROD,"2021-02-20 23:24:28","2021-02-20 23:24:30",0
"2021-02-21",AGG_MATCH_DAILY,"2021-02-21 01:00:00","2021-02-21 01:00:01",0
"2021-02-21",AGG_MATCHs_UPDATES,"2021-02-21 13:00:00",,0
"2021-02-21",DIM_SAISON_UPDATE_IS_ACTIVE,"2021-02-21 06:00:00","2021-02-21 06:00:00",0
"2021-02-21",PY_AGG_MATCH_GARDIEN,"2021-02-21 22:19:58","2021-02-21 22:20:28",4
"2021-02-21",PY_AGG_MATCH_JOUEUR,"2021-02-21 22:19:11","2021-02-21 22:19:57",28
"2021-02-21",PY_DIM_JOUEUR,"2021-02-21 22:11:39","2021-02-21 22:17:11",0
"2021-02-21",PY_DIM_MATCH,"2021-02-21 22:17:11","2021-02-21 22:18:51",1
"2021-02-21",PY_DIM_SAISON,"2021-02-21 22:11:38","2021-02-21 22:11:39",0
"2021-02-21",PY_EXECUTION_PLAN,"2021-02-21 22:11:37","2021-02-21 22:55:24",0
"2021-02-21",PY_FCT_MATCH,"2021-02-21 22:54:51","2021-02-21 22:55:22",146
"2021-02-21",PY_PUSH_TO_PROD,"2021-02-21 22:55:22","2021-02-21 22:55:23",0
"2021-02-22",AGG_MATCH_DAILY,"2021-02-22 01:00:00","2021-02-22 01:00:01",0
"2021-02-22",AGG_MATCHs_UPDATES,"2021-02-22 13:00:00",,0
"2021-02-22",DIM_JOUEUR_UPDATES,"2021-02-22 00:20:00","2021-02-22 00:20:02",0
"2021-02-22",DIM_SAISON_UPDATE_IS_ACTIVE,"2021-02-22 06:00:01","2021-02-22 06:00:01",0
"2021-02-23",AGG_MATCH_DAILY,"2021-02-23 01:00:00","2021-02-23 01:00:00",0
"2021-02-23",AGG_MATCHs_UPDATES,"2021-02-23 13:00:00",,0
"2021-02-23",DIM_SAISON_UPDATE_IS_ACTIVE,"2021-02-23 06:00:00","2021-02-23 06:00:00",0
"2021-02-24",AGG_MATCH_DAILY,"2021-02-24 01:00:00","2021-02-24 01:00:00",0
"2021-02-24",AGG_MATCHs_UPDATES,"2021-02-24 13:00:00",,0
"2021-02-24",DIM_SAISON_UPDATE_IS_ACTIVE,"2021-02-24 06:00:00","2021-02-24 06:00:00",0
"2021-02-25",AGG_MATCH_DAILY,"2021-02-25 01:00:00","2021-02-25 01:00:01",0
"2021-02-25",AGG_MATCHs_UPDATES,"2021-02-25 13:00:00",,0
"2021-02-25",DIM_SAISON_UPDATE_IS_ACTIVE,"2021-02-25 06:00:00","2021-02-25 06:00:00",0
"2021-02-25",PY_AGG_MATCH_GARDIEN,"2021-02-25 22:56:15","2021-02-25 22:56:31",4
"2021-02-25",PY_AGG_MATCH_JOUEUR,"2021-02-25 22:56:05","2021-02-25 22:56:15",28
"2021-02-25",PY_DIM_JOUEUR,"2021-02-25 22:50:41","2021-02-25 22:54:33",1
"2021-02-25",PY_DIM_MATCH,"2021-02-25 22:54:33","2021-02-25 22:56:04",1
"2021-02-25",PY_DIM_SAISON,"2021-02-25 22:50:40","2021-02-25 22:50:41",0
"2021-02-25",PY_EXECUTION_PLAN,"2021-02-25 22:50:40","2021-02-25 23:29:30",0
"2021-02-25",PY_FCT_MATCH,"2021-02-25 23:29:08","2021-02-25 23:29:29",156
"2021-02-25",PY_PUSH_TO_PROD,"2021-02-25 23:29:29","2021-02-25 23:29:30",0
"2021-02-26",AGG_MATCH_DAILY,"2021-02-26 01:00:00","2021-02-26 01:00:01",0
"2021-02-26",AGG_MATCHs_UPDATES,"2021-02-26 13:00:00",,0
"2021-02-26",DIM_SAISON_UPDATE_IS_ACTIVE,"2021-02-26 06:00:00","2021-02-26 06:00:00",0
"2021-02-26",PY_AGG_MATCH_GARDIEN,"2021-02-26 19:13:39","2021-02-26 19:14:47",4
"2021-02-26",PY_AGG_MATCH_JOUEUR,"2021-02-26 19:10:36","2021-02-26 19:13:38",28
"2021-02-26",PY_DIM_JOUEUR,"2021-02-26 18:48:07","2021-02-26 18:58:07",0
"2021-02-26",PY_DIM_MATCH,"2021-02-26 18:58:08","2021-02-26 19:00:52",1
"2021-02-26",PY_DIM_SAISON,"2021-02-26 18:48:06","2021-02-26 18:48:07",0
"2021-02-26",PY_EXECUTION_PLAN,"2021-02-26 18:48:06",,0
"2021-02-26",PY_FCT_MATCH,"2021-02-26 22:50:27",,0
"2021-02-27",AGG_MATCH_DAILY,"2021-02-27 01:00:00","2021-02-27 01:00:00",0
"2021-02-27",AGG_MATCHs_UPDATES,"2021-02-27 13:00:00",,0
"2021-02-27",DIM_SAISON_UPDATE_IS_ACTIVE,"2021-02-27 06:00:00","2021-02-27 06:00:00",0
"2021-02-28",AGG_MATCH_DAILY,"2021-02-28 01:00:00","2021-02-28 01:00:00",0
"2021-02-28",AGG_MATCHs_UPDATES,"2021-02-28 13:00:00",,0
"2021-02-28",DIM_SAISON_UPDATE_IS_ACTIVE,"2021-02-28 06:00:00","2021-02-28 06:00:00",0
"2021-03-01",PY_FCT_MATCH,"2021-03-01 14:11:56","2021-03-01 14:12:35",583
"2021-03-02",AGG_MATCH_DAILY,"2021-03-02 01:00:00","2021-03-02 01:00:04",0
"2021-03-02",AGG_MATCHs_UPDATES,"2021-03-02 13:00:00",,0
"2021-03-02",DIM_SAISON_UPDATE_IS_ACTIVE,"2021-03-02 06:00:00","2021-03-02 06:00:00",0
"2021-03-03",AGG_MATCH_DAILY,"2021-03-03 01:00:00","2021-03-03 01:00:01",0
"2021-03-03",AGG_MATCHs_UPDATES,"2021-03-03 13:00:00",,0
"2021-03-03",DIM_SAISON_UPDATE_IS_ACTIVE,"2021-03-03 06:00:00","2021-03-03 06:00:00",0
"2021-03-04",AGG_MATCH_DAILY,"2021-03-04 01:00:01","2021-03-04 01:00:01",0
"2021-03-04",AGG_MATCHs_UPDATES,"2021-03-04 13:00:00",,0
"2021-03-04",DIM_SAISON_UPDATE_IS_ACTIVE,"2021-03-04 06:00:01","2021-03-04 06:00:01",0
"2021-03-05",AGG_MATCH_DAILY,"2021-03-05 01:00:00","2021-03-05 01:00:00",0
"2021-03-05",AGG_MATCHs_UPDATES,"2021-03-05 13:00:00",,0
"2021-03-05",DIM_SAISON_UPDATE_IS_ACTIVE,"2021-03-05 06:00:00","2021-03-05 06:00:00",0
"2021-03-06",AGG_MATCH_DAILY,"2021-03-06 01:00:00","2021-03-06 01:00:00",0
"2021-03-06",AGG_MATCHs_UPDATES,"2021-03-06 13:00:00",,0
"2021-03-06",DIM_SAISON_UPDATE_IS_ACTIVE,"2021-03-06 06:00:00","2021-03-06 06:00:00",0
"2021-03-06",PY_AGG_MATCH_GARDIEN,"2021-03-06 08:44:50","2021-03-06 08:45:32",5
"2021-03-06",PY_AGG_MATCH_JOUEUR,"2021-03-06 08:43:42","2021-03-06 08:44:48",26
"2021-03-06",PY_DIM_JOUEUR,"2021-03-06 08:35:41","2021-03-06 08:41:11",0
"2021-03-06",PY_DIM_MATCH,"2021-03-06 08:41:11","2021-03-06 08:43:33",1
"2021-03-06",PY_DIM_SAISON,"2021-03-06 08:35:40","2021-03-06 08:35:41",0
"2021-03-06",PY_EXECUTION_PLAN,"2021-03-06 08:35:39","2021-03-06 08:47:44",0
"2021-03-06",PY_FCT_MATCH,"2021-03-06 08:47:16","2021-03-06 08:47:42",133
"2021-03-06",PY_PUSH_TO_PROD,"2021-03-06 08:47:42","2021-03-06 08:47:44",0
"2021-03-07",AGG_MATCH_DAILY,"2021-03-07 01:00:00","2021-03-07 01:00:01",0
"2021-03-07",AGG_MATCHs_UPDATES,"2021-03-07 13:00:00",,0
"2021-03-07",DIM_SAISON_UPDATE_IS_ACTIVE,"2021-03-07 06:00:00","2021-03-07 06:00:00",0
"2021-03-08",AGG_MATCH_DAILY,"2021-03-08 01:00:00","2021-03-08 01:00:00",0
"2021-03-08",AGG_MATCHs_UPDATES,"2021-03-08 13:00:00",,0
"2021-03-08",DIM_JOUEUR_UPDATES,"2021-03-08 00:20:00","2021-03-08 00:20:01",0
"2021-03-08",DIM_SAISON_UPDATE_IS_ACTIVE,"2021-03-08 06:00:00","2021-03-08 06:00:00",0
"2021-03-09",AGG_MATCH_DAILY,"2021-03-09 01:00:00","2021-03-09 01:00:00",0
"2021-03-09",AGG_MATCHs_UPDATES,"2021-03-09 13:00:00",,0
"2021-03-09",DIM_SAISON_UPDATE_IS_ACTIVE,"2021-03-09 06:00:00","2021-03-09 06:00:00",0
"2021-03-10",AGG_MATCH_DAILY,"2021-03-10 01:00:00","2021-03-10 01:00:00",0
"2021-03-10",AGG_MATCHs_UPDATES,"2021-03-10 13:00:00",,0
"2021-03-10",DIM_SAISON_UPDATE_IS_ACTIVE,"2021-03-10 06:00:00","2021-03-10 06:00:00",0
"2021-03-11",AGG_MATCH_DAILY,"2021-03-11 01:00:00","2021-03-11 01:00:01",0
"2021-03-11",AGG_MATCHs_UPDATES,"2021-03-11 13:00:00",,0
"2021-03-11",DIM_SAISON_UPDATE_IS_ACTIVE,"2021-03-11 06:00:00","2021-03-11 06:00:00",0
"2021-03-12",AGG_MATCH_DAILY,"2021-03-12 01:00:00","2021-03-12 01:00:01",0
"2021-03-12",AGG_MATCHs_UPDATES,"2021-03-12 13:00:00",,0
"2021-03-12",DIM_SAISON_UPDATE_IS_ACTIVE,"2021-03-12 06:00:00","2021-03-12 06:00:00",0
"2021-03-13",AGG_MATCH_DAILY,"2021-03-13 01:00:00","2021-03-13 01:00:01",0
"2021-03-13",AGG_MATCHs_UPDATES,"2021-03-13 13:00:00",,0
"2021-03-13",DIM_SAISON_UPDATE_IS_ACTIVE,"2021-03-13 06:00:00","2021-03-13 06:00:00",0
"2021-03-14",AGG_MATCH_DAILY,"2021-03-14 01:00:00","2021-03-14 01:00:01",0
"2021-03-14",AGG_MATCHs_UPDATES,"2021-03-14 13:00:00",,0
"2021-03-14",DIM_SAISON_UPDATE_IS_ACTIVE,"2021-03-14 06:00:00","2021-03-14 06:00:00",0
"2021-03-15",AGG_MATCH_DAILY,"2021-03-15 01:00:00","2021-03-15 01:00:01",0
"2021-03-15",AGG_MATCHs_UPDATES,"2021-03-15 13:00:00",,0
"2021-03-15",DIM_JOUEUR_UPDATES,"2021-03-15 00:20:00","2021-03-15 00:20:02",0
"2021-03-15",DIM_SAISON_UPDATE_IS_ACTIVE,"2021-03-15 06:00:00","2021-03-15 06:00:00",0
"2021-03-16",AGG_MATCH_DAILY,"2021-03-16 01:00:00","2021-03-16 01:00:01",0
"2021-03-16",AGG_MATCHs_UPDATES,"2021-03-16 13:00:00",,0
"2021-03-16",DIM_SAISON_UPDATE_IS_ACTIVE,"2021-03-16 06:00:00","2021-03-16 06:00:00",0
"2021-03-17",AGG_MATCH_DAILY,"2021-03-17 01:00:01","2021-03-17 01:00:01",0
"2021-03-17",AGG_MATCHs_UPDATES,"2021-03-17 13:00:00",,0
"2021-03-17",DIM_SAISON_UPDATE_IS_ACTIVE,"2021-03-17 06:00:00","2021-03-17 06:00:00",0
"2021-03-18",AGG_MATCHs_UPDATES,"2021-03-18 13:00:00",,0
"2021-03-18",PY_AGG_MATCH_GARDIEN,"2021-03-18 08:53:39","2021-03-18 08:54:08",8
"2021-03-18",PY_AGG_MATCH_JOUEUR,"2021-03-18 08:52:59","2021-03-18 08:53:39",54
"2021-03-18",PY_DIM_JOUEUR,"2021-03-18 08:44:08","2021-03-18 08:50:26",3
"2021-03-18",PY_DIM_MATCH,"2021-03-18 08:50:26","2021-03-18 08:52:55",2
"2021-03-18",PY_DIM_SAISON,"2021-03-18 08:44:07","2021-03-18 08:44:07",0
"2021-03-18",PY_EXECUTION_PLAN,"2021-03-18 08:44:06","2021-03-18 08:55:20",0
"2021-03-18",PY_FCT_MATCH,"2021-03-18 08:54:44","2021-03-18 08:55:18",293
"2021-03-18",PY_PUSH_TO_PROD,"2021-03-18 08:55:18","2021-03-18 08:55:20",0
"2021-03-19",AGG_MATCH_DAILY,"2021-03-19 01:00:00","2021-03-19 01:00:01",0
"2021-03-19",AGG_MATCHs_UPDATES,"2021-03-19 13:00:00",,0
"2021-03-19",DIM_SAISON_UPDATE_IS_ACTIVE,"2021-03-19 06:00:00","2021-03-19 06:00:00",0
"2021-03-19",PY_AGG_MATCH_GARDIEN,"2021-03-19 22:30:08","2021-03-19 22:30:33",4
"2021-03-19",PY_AGG_MATCH_JOUEUR,"2021-03-19 22:29:37","2021-03-19 22:30:07",26
"2021-03-19",PY_DIM_JOUEUR,"2021-03-19 22:20:50","2021-03-19 22:27:11",1
"2021-03-19",PY_DIM_MATCH,"2021-03-19 22:27:12","2021-03-19 22:29:32",1
"2021-03-19",PY_DIM_SAISON,"2021-03-19 22:20:49","2021-03-19 22:20:49",0
"2021-03-19",PY_EXECUTION_PLAN,"2021-03-19 22:20:47","2021-03-19 22:31:41",0
"2021-03-19",PY_FCT_MATCH,"2021-03-19 22:31:11","2021-03-19 22:31:39",162
"2021-03-19",PY_PUSH_TO_PROD,"2021-03-19 22:31:39","2021-03-19 22:31:41",0
"2021-03-20",AGG_MATCH_DAILY,"2021-03-20 01:00:00","2021-03-20 01:00:01",0
"2021-03-20",AGG_MATCHs_UPDATES,"2021-03-20 13:00:00",,0
"2021-03-20",DIM_SAISON_UPDATE_IS_ACTIVE,"2021-03-20 06:00:00","2021-03-20 06:00:00",0
"2021-03-20",PY_AGG_MATCH_GARDIEN,"2021-03-20 23:36:34","2021-03-20 23:37:08",16
"2021-03-20",PY_AGG_MATCH_JOUEUR,"2021-03-20 23:35:41","2021-03-20 23:36:33",110
"2021-03-20",PY_DIM_JOUEUR,"2021-03-20 23:27:30","2021-03-20 23:33:12",0
"2021-03-20",PY_DIM_MATCH,"2021-03-20 23:33:13","2021-03-20 23:35:39",4
"2021-03-20",PY_DIM_SAISON,"2021-03-20 23:27:29","2021-03-20 23:27:29",0
"2021-03-20",PY_EXECUTION_PLAN,"2021-03-20 23:27:28","2021-03-20 23:38:35",0
"2021-03-20",PY_FCT_MATCH,"2021-03-20 23:37:49","2021-03-20 23:38:33",600
"2021-03-20",PY_PUSH_TO_PROD,"2021-03-20 23:38:33","2021-03-20 23:38:35",0
"2021-03-21",AGG_MATCH_DAILY,"2021-03-21 01:00:00","2021-03-21 01:00:01",0
"2021-03-21",AGG_MATCHs_UPDATES,"2021-03-21 13:00:00",,0
"2021-03-21",DIM_SAISON_UPDATE_IS_ACTIVE,"2021-03-21 06:00:00","2021-03-21 06:00:00",0
"2021-03-22",AGG_MATCH_DAILY,"2021-03-22 01:00:00","2021-03-22 01:00:00",0
"2021-03-22",AGG_MATCHs_UPDATES,"2021-03-22 13:00:00",,0
"2021-03-22",DIM_JOUEUR_UPDATES,"2021-03-22 00:20:00","2021-03-22 00:20:01",0
"2021-03-22",DIM_SAISON_UPDATE_IS_ACTIVE,"2021-03-22 06:00:00","2021-03-22 06:00:00",0
"2021-03-22",PY_AGG_MATCH_GARDIEN,"2021-03-22 08:44:02","2021-03-22 08:44:32",8
"2021-03-22",PY_AGG_MATCH_JOUEUR,"2021-03-22 08:43:23","2021-03-22 08:44:02",56
"2021-03-22",PY_DIM_JOUEUR,"2021-03-22 08:33:47","2021-03-22 08:40:29",0
"2021-03-22",PY_DIM_MATCH,"2021-03-22 08:40:29","2021-03-22 08:43:17",2
"2021-03-22",PY_DIM_SAISON,"2021-03-22 08:33:45","2021-03-22 08:33:47",0
"2021-03-22",PY_EXECUTION_PLAN,"2021-03-22 08:33:45","2021-03-22 08:45:58",0
"2021-03-22",PY_FCT_MATCH,"2021-03-22 08:45:11","2021-03-22 08:45:56",286
"2021-03-22",PY_PUSH_TO_PROD,"2021-03-22 08:45:57","2021-03-22 08:45:58",0
"2021-03-23",AGG_MATCH_DAILY,"2021-03-23 01:00:00","2021-03-23 01:00:01",0
"2021-03-23",AGG_MATCHs_UPDATES,"2021-03-23 13:00:00","2021-03-23 13:00:01",0
"2021-03-23",DIM_SAISON_UPDATE_IS_ACTIVE,"2021-03-23 06:00:00","2021-03-23 06:00:00",0
"2021-03-24",AGG_MATCH_DAILY,"2021-03-24 01:00:00","2021-03-24 01:00:00",0
"2021-03-24",AGG_MATCHs_UPDATES,"2021-03-24 13:00:00","2021-03-24 13:00:01",0
"2021-03-24",DIM_SAISON_UPDATE_IS_ACTIVE,"2021-03-24 06:00:00","2021-03-24 06:00:00",0
"2021-03-24",PY_AGG_MATCH_GARDIEN,"2021-03-24 08:18:45","2021-03-24 08:19:15",4
"2021-03-24",PY_AGG_MATCH_JOUEUR,"2021-03-24 08:18:10","2021-03-24 08:18:44",28
"2021-03-24",PY_DIM_JOUEUR,"2021-03-24 08:09:20","2021-03-24 08:15:23",0
"2021-03-24",PY_DIM_MATCH,"2021-03-24 08:15:24","2021-03-24 08:18:06",1
"2021-03-24",PY_DIM_SAISON,"2021-03-24 08:09:19","2021-03-24 08:09:20",0
"2021-03-24",PY_EXECUTION_PLAN,"2021-03-24 08:09:18","2021-03-24 08:20:26",0
"2021-03-24",PY_FCT_MATCH,"2021-03-24 08:19:51","2021-03-24 08:20:24",149
"2021-03-24",PY_PUSH_TO_PROD,"2021-03-24 08:20:24","2021-03-24 08:20:26",0
"2021-03-25",AGG_MATCH_DAILY,"2021-03-25 01:00:00","2021-03-25 01:00:01",0
"2021-03-25",AGG_MATCHs_UPDATES,"2021-03-25 13:00:00","2021-03-25 13:00:02",0
"2021-03-25",DIM_SAISON_UPDATE_IS_ACTIVE,"2021-03-25 06:00:00","2021-03-25 06:00:00",0
"2021-03-25",PY_AGG_MATCH_GARDIEN,"2021-03-25 09:46:24","2021-03-25 09:47:12",4
"2021-03-25",PY_AGG_MATCH_JOUEUR,"2021-03-25 09:45:32","2021-03-25 09:46:23",28
"2021-03-25",PY_DIM_JOUEUR,"2021-03-25 09:34:11","2021-03-25 09:41:37",0
"2021-03-25",PY_DIM_MATCH,"2021-03-25 09:41:37","2021-03-25 09:45:20",1
"2021-03-25",PY_DIM_SAISON,"2021-03-25 09:34:10","2021-03-25 09:34:11",0
"2021-03-25",PY_EXECUTION_PLAN,"2021-03-25 09:34:09","2021-03-25 09:48:38",0
"2021-03-25",PY_FCT_MATCH,"2021-03-25 09:48:02","2021-03-25 09:48:36",191
"2021-03-25",PY_PUSH_TO_PROD,"2021-03-25 09:48:36","2021-03-25 09:48:38",0
"2021-03-26",AGG_MATCH_DAILY,"2021-03-26 01:00:00","2021-03-26 01:00:01",0
"2021-03-26",AGG_MATCHs_UPDATES,"2021-03-26 13:00:00","2021-03-26 13:00:02",0
"2021-03-26",DIM_SAISON_UPDATE_IS_ACTIVE,"2021-03-26 06:00:00","2021-03-26 06:00:00",0
"2021-03-27",AGG_MATCH_DAILY,"2021-03-27 01:00:00","2021-03-27 01:00:01",0
"2021-03-27",AGG_MATCHs_UPDATES,"2021-03-27 13:00:00","2021-03-27 13:00:02",0
"2021-03-27",DIM_SAISON_UPDATE_IS_ACTIVE,"2021-03-27 06:00:00","2021-03-27 06:00:00",0
"2021-03-27",PY_DIM_JOUEUR,"2021-03-27 23:29:08","2021-03-27 23:35:30",0
"2021-03-27",PY_DIM_MATCH,"2021-03-27 23:35:30","2021-03-27 23:38:15",2
"2021-03-27",PY_DIM_SAISON,"2021-03-27 23:29:06","2021-03-27 23:29:08",0
"2021-03-27",PY_EXECUTION_PLAN,"2021-03-27 23:29:03",,0
"2021-03-28",AGG_MATCHs_UPDATES,"2021-03-28 13:00:00","2021-03-28 13:00:02",0
"2021-03-29",AGG_MATCH_DAILY,"2021-03-29 01:00:00","2021-03-29 01:00:02",0
"2021-03-29",AGG_MATCHs_UPDATES,"2021-03-29 13:00:00","2021-03-29 13:00:01",0
"2021-03-29",DIM_JOUEUR_UPDATES,"2021-03-29 00:20:00","2021-03-29 00:20:02",0
"2021-03-29",DIM_SAISON_UPDATE_IS_ACTIVE,"2021-03-29 06:00:01","2021-03-29 06:00:01",0
"2021-03-30",AGG_MATCH_DAILY,"2021-03-30 01:00:00","2021-03-30 01:00:00",0
"2021-03-30",AGG_MATCHs_UPDATES,"2021-03-30 13:00:00","2021-03-30 13:00:01",0
"2021-03-30",DIM_SAISON_UPDATE_IS_ACTIVE,"2021-03-30 06:00:00","2021-03-30 06:00:00",0
"2021-03-31",AGG_MATCH_DAILY,"2021-03-31 01:00:00","2021-03-31 01:00:00",0
"2021-03-31",AGG_MATCHs_UPDATES,"2021-03-31 13:00:00","2021-03-31 13:00:01",0
"2021-03-31",DIM_SAISON_UPDATE_IS_ACTIVE,"2021-03-31 06:00:00","2021-03-31 06:00:00",0
"2021-04-01",AGG_MATCH_DAILY,"2021-04-01 01:00:00","2021-04-01 01:00:00",0
"2021-04-01",AGG_MATCHs_UPDATES,"2021-04-01 13:00:00","2021-04-01 13:00:01",0
"2021-04-01",DIM_SAISON_UPDATE_IS_ACTIVE,"2021-04-01 06:00:00","2021-04-01 06:00:00",0
"2021-04-01",PY_AGG_MATCH_GARDIEN,"2021-04-01 09:11:09","2021-04-01 09:13:10",4
"2021-04-01",PY_AGG_MATCH_JOUEUR,"2021-04-01 09:09:30","2021-04-01 09:11:07",28
"2021-04-01",PY_DIM_JOUEUR,"2021-04-01 08:56:44","2021-04-01 09:04:48",1
"2021-04-01",PY_DIM_MATCH,"2021-04-01 09:04:49","2021-04-01 09:09:24",1
"2021-04-01",PY_DIM_SAISON,"2021-04-01 08:56:43","2021-04-01 08:56:44",0
"2021-04-01",PY_EXECUTION_PLAN,"2021-04-01 08:56:43","2021-04-01 09:16:11",0
"2021-04-01",PY_FCT_MATCH,"2021-04-01 09:15:34","2021-04-01 09:16:09",141
"2021-04-01",PY_PUSH_TO_PROD,"2021-04-01 09:16:09","2021-04-01 09:16:11",0
"2021-04-02",AGG_MATCH_DAILY,"2021-04-02 01:00:00","2021-04-02 01:00:01",0
"2021-04-02",AGG_MATCHs_UPDATES,"2021-04-02 13:00:00","2021-04-02 13:00:01",0
"2021-04-02",DIM_SAISON_UPDATE_IS_ACTIVE,"2021-04-02 06:00:00","2021-04-02 06:00:00",0
"2021-04-03",AGG_MATCH_DAILY,"2021-04-03 01:00:00","2021-04-03 01:00:00",0
"2021-04-03",AGG_MATCHs_UPDATES,"2021-04-03 13:00:00","2021-04-03 13:00:02",0
"2021-04-03",DIM_SAISON_UPDATE_IS_ACTIVE,"2021-04-03 06:00:00","2021-04-03 06:00:00",0
"2021-04-03",PY_AGG_MATCH_GARDIEN,"2021-04-03 08:03:16","2021-04-03 08:03:51",9
"2021-04-03",PY_AGG_MATCH_JOUEUR,"2021-04-03 08:02:37","2021-04-03 08:03:15",54
"2021-04-03",PY_DIM_JOUEUR,"2021-04-03 07:53:24","2021-04-03 07:59:44",0
"2021-04-03",PY_DIM_MATCH,"2021-04-03 07:59:44","2021-04-03 08:02:33",2
"2021-04-03",PY_DIM_SAISON,"2021-04-03 07:53:23","2021-04-03 07:53:24",0
"2021-04-03",PY_EXECUTION_PLAN,"2021-04-03 07:53:22","2021-04-03 08:05:02",0
"2021-04-03",PY_FCT_MATCH,"2021-04-03 08:04:28","2021-04-03 08:05:00",283
"2021-04-03",PY_PUSH_TO_PROD,"2021-04-03 08:05:00","2021-04-03 08:05:02",0
"2021-04-04",AGG_MATCH_DAILY,"2021-04-04 01:00:00","2021-04-04 01:00:01",0
"2021-04-04",AGG_MATCHs_UPDATES,"2021-04-04 13:00:00","2021-04-04 13:00:02",0
"2021-04-04",DIM_SAISON_UPDATE_IS_ACTIVE,"2021-04-04 06:00:00","2021-04-04 06:00:00",0
"2021-04-04",PY_AGG_MATCH_GARDIEN,"2021-04-04 09:04:32","2021-04-04 09:04:56",4
"2021-04-04",PY_AGG_MATCH_JOUEUR,"2021-04-04 09:03:59","2021-04-04 09:04:31",28
"2021-04-04",PY_DIM_JOUEUR,"2021-04-04 08:55:00","2021-04-04 09:01:04",0
"2021-04-04",PY_DIM_MATCH,"2021-04-04 09:01:05","2021-04-04 09:03:55",1
"2021-04-04",PY_DIM_SAISON,"2021-04-04 08:54:58","2021-04-04 08:54:59",0
"2021-04-04",PY_EXECUTION_PLAN,"2021-04-04 08:54:57","2021-04-04 09:06:04",0
"2021-04-04",PY_FCT_MATCH,"2021-04-04 09:05:33","2021-04-04 09:06:02",141
"2021-04-04",PY_PUSH_TO_PROD,"2021-04-04 09:06:02","2021-04-04 09:06:03",0
"2021-04-05",AGG_MATCH_DAILY,"2021-04-05 01:00:00","2021-04-05 01:00:01",0
"2021-04-05",AGG_MATCHs_UPDATES,"2021-04-05 13:00:00","2021-04-05 13:00:02",0
"2021-04-05",DIM_JOUEUR_UPDATES,"2021-04-05 00:20:00","2021-04-05 00:20:01",0
"2021-04-05",DIM_SAISON_UPDATE_IS_ACTIVE,"2021-04-05 06:00:00","2021-04-05 06:00:00",0
"2021-04-05",PY_AGG_MATCH_GARDIEN,"2021-04-05 08:12:37","2021-04-05 08:13:30",8
"2021-04-05",PY_AGG_MATCH_JOUEUR,"2021-04-05 08:11:15","2021-04-05 08:12:36",55
"2021-04-05",PY_DIM_JOUEUR,"2021-04-05 08:00:49","2021-04-05 08:06:43",0
"2021-04-05",PY_DIM_MATCH,"2021-04-05 08:06:44","2021-04-05 08:11:06",2
"2021-04-05",PY_DIM_SAISON,"2021-04-05 08:00:47","2021-04-05 08:00:48",0
"2021-04-05",PY_EXECUTION_PLAN,"2021-04-05 08:00:46","2021-04-05 08:14:45",0
"2021-04-05",PY_FCT_MATCH,"2021-04-05 08:14:08","2021-04-05 08:14:43",316
"2021-04-05",PY_PUSH_TO_PROD,"2021-04-05 08:14:43","2021-04-05 08:14:45",0
"2021-04-06",AGG_MATCH_DAILY,"2021-04-06 01:00:00","2021-04-06 01:00:01",0
"2021-04-06",AGG_MATCHs_UPDATES,"2021-04-06 13:00:00","2021-04-06 13:00:02",0
"2021-04-06",DIM_SAISON_UPDATE_IS_ACTIVE,"2021-04-06 06:00:00","2021-04-06 06:00:00",0
"2021-04-07",AGG_MATCH_DAILY,"2021-04-07 01:00:00","2021-04-07 01:00:02",0
"2021-04-07",AGG_MATCHs_UPDATES,"2021-04-07 13:00:00","2021-04-07 13:00:02",0
"2021-04-07",DIM_SAISON_UPDATE_IS_ACTIVE,"2021-04-07 06:00:00","2021-04-07 06:00:00",0
"2021-04-07",PY_AGG_MATCH_GARDIEN,"2021-04-07 09:05:03","2021-04-07 09:05:35",9
"2021-04-07",PY_AGG_MATCH_JOUEUR,"2021-04-07 09:04:12","2021-04-07 09:05:02",54
"2021-04-07",PY_DIM_JOUEUR,"2021-04-07 08:43:10","2021-04-07 08:50:21",0
"2021-04-07",PY_DIM_MATCH,"2021-04-07 08:50:22","2021-04-07 08:53:33",2
"2021-04-07",PY_DIM_SAISON,"2021-04-07 08:43:08","2021-04-07 08:43:09",0
"2021-04-07",PY_EXECUTION_PLAN,"2021-04-07 08:43:06","2021-04-07 09:07:12",0
"2021-04-07",PY_FCT_MATCH,"2021-04-07 09:06:30","2021-04-07 09:07:09",305
"2021-04-07",PY_PUSH_TO_PROD,"2021-04-07 09:07:09","2021-04-07 09:07:12",0
"2021-04-08",AGG_MATCH_DAILY,"2021-04-08 01:00:01","2021-04-08 01:00:01",0
"2021-04-08",AGG_MATCHs_UPDATES,"2021-04-08 13:00:00","2021-04-08 13:00:01",0
"2021-04-08",DIM_SAISON_UPDATE_IS_ACTIVE,"2021-04-08 06:00:01","2021-04-08 06:00:01",0
"2021-04-08",PY_AGG_MATCH_GARDIEN,"2021-04-08 07:36:41","2021-04-08 07:37:08",8
"2021-04-08",PY_AGG_MATCH_JOUEUR,"2021-04-08 07:35:41","2021-04-08 07:36:40",56
"2021-04-08",PY_DIM_JOUEUR,"2021-04-08 07:26:46","2021-04-08 07:32:20",0
"2021-04-08",PY_DIM_MATCH,"2021-04-08 07:32:21","2021-04-08 07:35:37",2
"2021-04-08",PY_DIM_SAISON,"2021-04-08 07:26:45","2021-04-08 07:26:46",0
"2021-04-08",PY_EXECUTION_PLAN,"2021-04-08 07:26:44","2021-04-08 07:38:24",0
"2021-04-08",PY_FCT_MATCH,"2021-04-08 07:37:44","2021-04-08 07:38:23",294
"2021-04-08",PY_PUSH_TO_PROD,"2021-04-08 07:38:23","2021-04-08 07:38:24",0
"2021-04-09",AGG_MATCH_DAILY,"2021-04-09 01:00:00","2021-04-09 01:00:01",0
"2021-04-09",AGG_MATCHs_UPDATES,"2021-04-09 13:00:00","2021-04-09 13:00:01",0
"2021-04-09",DIM_SAISON_UPDATE_IS_ACTIVE,"2021-04-09 06:00:00","2021-04-09 06:00:00",0
"2021-04-10",AGG_MATCH_DAILY,"2021-04-10 01:00:00","2021-04-10 01:00:00",0
"2021-04-10",AGG_MATCHs_UPDATES,"2021-04-10 13:00:00","2021-04-10 13:00:01",0
"2021-04-10",DIM_SAISON_UPDATE_IS_ACTIVE,"2021-04-10 06:00:00","2021-04-10 06:00:00",0
"2021-04-10",PY_AGG_MATCH_GARDIEN,"2021-04-10 09:07:13","2021-04-10 09:07:42",4
"2021-04-10",PY_AGG_MATCH_JOUEUR,"2021-04-10 09:06:31","2021-04-10 09:07:12",27
"2021-04-10",PY_DIM_JOUEUR,"2021-04-10 08:56:19","2021-04-10 09:02:46",1
"2021-04-10",PY_DIM_MATCH,"2021-04-10 09:02:47","2021-04-10 09:05:59",1
"2021-04-10",PY_DIM_SAISON,"2021-04-10 08:56:18","2021-04-10 08:56:19",0
"2021-04-10",PY_EXECUTION_PLAN,"2021-04-10 08:56:17","2021-04-10 09:09:07",0
"2021-04-10",PY_FCT_MATCH,"2021-04-10 09:08:34","2021-04-10 09:09:05",143
"2021-04-10",PY_PUSH_TO_PROD,"2021-04-10 09:09:05","2021-04-10 09:09:07",0
"2021-04-11",AGG_MATCH_DAILY,"2021-04-11 01:00:00","2021-04-11 01:00:01",0
"2021-04-11",AGG_MATCHs_UPDATES,"2021-04-11 13:00:00","2021-04-11 13:00:01",0
"2021-04-11",DIM_SAISON_UPDATE_IS_ACTIVE,"2021-04-11 06:00:00","2021-04-11 06:00:00",0
"2021-04-11",PY_AGG_MATCH_GARDIEN,"2021-04-11 08:49:49","2021-04-11 08:50:27",16
"2021-04-11",PY_AGG_MATCH_JOUEUR,"2021-04-11 08:48:54","2021-04-11 08:49:48",111
"2021-04-11",PY_DIM_JOUEUR,"2021-04-11 08:40:24","2021-04-11 08:46:08",0
"2021-04-11",PY_DIM_MATCH,"2021-04-11 08:46:08","2021-04-11 08:48:52",4
"2021-04-11",PY_DIM_SAISON,"2021-04-11 08:34:29","2021-04-11 08:34:30",0
"2021-04-11",PY_EXECUTION_PLAN,"2021-04-11 08:34:28","2021-04-11 08:52:07",0
"2021-04-11",PY_FCT_MATCH,"2021-04-11 08:51:11","2021-04-11 08:52:05",574
"2021-04-11",PY_PUSH_TO_PROD,"2021-04-11 08:52:05","2021-04-11 08:52:07",0
"2021-04-12",AGG_MATCH_DAILY,"2021-04-12 01:00:00","2021-04-12 01:00:01",0
"2021-04-12",AGG_MATCHs_UPDATES,"2021-04-12 13:00:00","2021-04-12 13:00:01",0
"2021-04-12",DIM_JOUEUR_UPDATES,"2021-04-12 00:20:00","2021-04-12 00:20:01",0
"2021-04-12",DIM_SAISON_UPDATE_IS_ACTIVE,"2021-04-12 06:00:00","2021-04-12 06:00:00",0
"2021-04-12",PY_AGG_MATCH_GARDIEN,"2021-04-12 08:16:12","2021-04-12 08:16:51",4
"2021-04-12",PY_AGG_MATCH_JOUEUR,"2021-04-12 08:15:35","2021-04-12 08:16:11",28
"2021-04-12",PY_DIM_JOUEUR,"2021-04-12 08:04:40","2021-04-12 08:12:26",0
"2021-04-12",PY_DIM_MATCH,"2021-04-12 08:12:27","2021-04-12 08:15:29",1
"2021-04-12",PY_DIM_SAISON,"2021-04-12 08:04:38","2021-04-12 08:04:39",0
"2021-04-12",PY_EXECUTION_PLAN,"2021-04-12 08:04:37","2021-04-12 08:18:13",0
"2021-04-12",PY_FCT_MATCH,"2021-04-12 08:17:37","2021-04-12 08:18:12",179
"2021-04-12",PY_PUSH_TO_PROD,"2021-04-12 08:18:12","2021-04-12 08:18:13",0
"2021-04-13",AGG_MATCH_DAILY,"2021-04-13 01:00:00","2021-04-13 01:00:01",0
"2021-04-13",AGG_MATCHs_UPDATES,"2021-04-13 13:00:00","2021-04-13 13:00:05",0
"2021-04-13",DIM_SAISON_UPDATE_IS_ACTIVE,"2021-04-13 06:00:00","2021-04-13 06:00:00",0
"2021-04-14",AGG_MATCH_DAILY,"2021-04-14 01:00:00","2021-04-14 01:00:00",0
"2021-04-14",AGG_MATCHs_UPDATES,"2021-04-14 13:00:00","2021-04-14 13:00:01",0
"2021-04-14",DIM_SAISON_UPDATE_IS_ACTIVE,"2021-04-14 06:00:00","2021-04-14 06:00:00",0
"2021-04-14",PY_AGG_MATCH_GARDIEN,"2021-04-14 07:42:36","2021-04-14 07:43:06",12
"2021-04-14",PY_AGG_MATCH_JOUEUR,"2021-04-14 07:41:34","2021-04-14 07:42:35",83
"2021-04-14",PY_DIM_JOUEUR,"2021-04-14 07:32:24","2021-04-14 07:38:06",0
"2021-04-14",PY_DIM_MATCH,"2021-04-14 07:38:06","2021-04-14 07:41:31",3
"2021-04-14",PY_DIM_SAISON,"2021-04-14 07:32:23","2021-04-14 07:32:23",0
"2021-04-14",PY_EXECUTION_PLAN,"2021-04-14 07:32:22","2021-04-14 07:44:29",0
"2021-04-14",PY_FCT_MATCH,"2021-04-14 07:43:48","2021-04-14 07:44:27",436
"2021-04-14",PY_PUSH_TO_PROD,"2021-04-14 07:44:27","2021-04-14 07:44:29",0
"2021-04-15",AGG_MATCH_DAILY,"2021-04-15 01:00:00","2021-04-15 01:00:01",0
"2021-04-15",AGG_MATCHs_UPDATES,"2021-04-15 13:00:00","2021-04-15 13:00:04",0
"2021-04-15",DIM_SAISON_UPDATE_IS_ACTIVE,"2021-04-15 06:00:00","2021-04-15 06:00:00",0
"2021-04-15",PY_AGG_MATCH_GARDIEN,"2021-04-15 09:12:38","2021-04-15 09:13:19",12
"2021-04-15",PY_AGG_MATCH_JOUEUR,"2021-04-15 09:11:32","2021-04-15 09:12:36",80
"2021-04-15",PY_DIM_JOUEUR,"2021-04-15 08:57:33","2021-04-15 09:08:19",1
"2021-04-15",PY_DIM_MATCH,"2021-04-15 09:08:19","2021-04-15 09:11:25",3
"2021-04-15",PY_DIM_SAISON,"2021-04-15 08:57:30","2021-04-15 08:57:32",0
"2021-04-15",PY_EXECUTION_PLAN,"2021-04-15 08:57:29","2021-04-15 09:15:03",0
"2021-04-15",PY_FCT_MATCH,"2021-04-15 09:14:12","2021-04-15 09:14:59",426
"2021-04-15",PY_PUSH_TO_PROD,"2021-04-15 09:14:59","2021-04-15 09:15:02",0
"2021-04-16",AGG_MATCH_DAILY,"2021-04-16 01:00:00","2021-04-16 01:00:01",0
"2021-04-16",AGG_MATCHs_UPDATES,"2021-04-16 13:00:00","2021-04-16 13:00:04",0
"2021-04-16",DIM_SAISON_UPDATE_IS_ACTIVE,"2021-04-16 06:00:00","2021-04-16 06:00:00",0
"2021-04-17",AGG_MATCH_DAILY,"2021-04-17 01:00:00","2021-04-17 01:00:01",0
"2021-04-17",AGG_MATCHs_UPDATES,"2021-04-17 13:00:00","2021-04-17 13:00:01",0
"2021-04-17",DIM_SAISON_UPDATE_IS_ACTIVE,"2021-04-17 06:00:00","2021-04-17 06:00:00",0
"2021-04-17",PY_AGG_MATCH_GARDIEN,"2021-04-17 08:01:53","2021-04-17 08:02:24",8
"2021-04-17",PY_AGG_MATCH_JOUEUR,"2021-04-17 08:01:11","2021-04-17 08:01:52",55
"2021-04-17",PY_DIM_JOUEUR,"2021-04-17 07:49:53","2021-04-17 07:57:23",1
"2021-04-17",PY_DIM_MATCH,"2021-04-17 07:57:24","2021-04-17 08:01:05",2
"2021-04-17",PY_DIM_SAISON,"2021-04-17 07:49:51","2021-04-17 07:49:53",0
"2021-04-17",PY_EXECUTION_PLAN,"2021-04-17 07:49:50","2021-04-17 08:03:42",0
"2021-04-17",PY_FCT_MATCH,"2021-04-17 08:03:03","2021-04-17 08:03:40",294
"2021-04-17",PY_PUSH_TO_PROD,"2021-04-17 08:03:40","2021-04-17 08:03:42",0
"2021-04-18",AGG_MATCH_DAILY,"2021-04-18 01:00:00","2021-04-18 01:00:01",0
"2021-04-18",AGG_MATCHs_UPDATES,"2021-04-18 13:00:00","2021-04-18 13:00:04",0
"2021-04-18",DIM_SAISON_UPDATE_IS_ACTIVE,"2021-04-18 06:00:00","2021-04-18 06:00:00",0
"2021-04-18",PY_AGG_MATCH_GARDIEN,"2021-04-18 08:44:44","2021-04-18 08:45:18",9
"2021-04-18",PY_AGG_MATCH_JOUEUR,"2021-04-18 08:44:05","2021-04-18 08:44:43",55
"2021-04-18",PY_DIM_JOUEUR,"2021-04-18 08:34:07","2021-04-18 08:40:36",0
"2021-04-18",PY_DIM_MATCH,"2021-04-18 08:40:37","2021-04-18 08:44:00",2
"2021-04-18",PY_DIM_SAISON,"2021-04-18 08:34:05","2021-04-18 08:34:06",0
"2021-04-18",PY_EXECUTION_PLAN,"2021-04-18 08:34:05","2021-04-18 08:46:36",0
"2021-04-18",PY_FCT_MATCH,"2021-04-18 08:45:55","2021-04-18 08:46:34",289
"2021-04-18",PY_PUSH_TO_PROD,"2021-04-18 08:46:34","2021-04-18 08:46:36",0
"2021-04-19",AGG_MATCH_DAILY,"2021-04-19 01:00:00","2021-04-19 01:00:05",0
"2021-04-19",AGG_MATCHs_UPDATES,"2021-04-19 13:00:01","2021-04-19 13:00:06",0
"2021-04-19",DIM_JOUEUR_UPDATES,"2021-04-19 00:20:00","2021-04-19 00:20:02",0
"2021-04-19",DIM_SAISON_UPDATE_IS_ACTIVE,"2021-04-19 06:00:00","2021-04-19 06:00:00",0
"2021-04-19",PY_AGG_MATCH_GARDIEN,"2021-04-19 08:11:07","2021-04-19 08:11:41",12
"2021-04-19",PY_AGG_MATCH_JOUEUR,"2021-04-19 08:10:20","2021-04-19 08:11:06",79
"2021-04-19",PY_DIM_JOUEUR,"2021-04-19 07:59:18","2021-04-19 08:06:43",0
"2021-04-19",PY_DIM_MATCH,"2021-04-19 08:06:44","2021-04-19 08:10:15",3
"2021-04-19",PY_DIM_SAISON,"2021-04-19 07:59:15","2021-04-19 07:59:17",0
"2021-04-19",PY_EXECUTION_PLAN,"2021-04-19 07:59:14","2021-04-19 08:13:07",0
"2021-04-19",PY_FCT_MATCH,"2021-04-19 08:12:24","2021-04-19 08:13:04",385
"2021-04-19",PY_PUSH_TO_PROD,"2021-04-19 08:13:04","2021-04-19 08:13:06",0
"2021-04-20",AGG_MATCH_DAILY,"2021-04-20 01:00:00","2021-04-20 01:00:01",0
"2021-04-20",AGG_MATCHs_UPDATES,"2021-04-20 13:00:00","2021-04-20 13:00:02",0
"2021-04-20",DIM_SAISON_UPDATE_IS_ACTIVE,"2021-04-20 06:00:00","2021-04-20 06:00:00",0
"2021-04-21",PY_AGG_MATCH_GARDIEN,"2021-04-21 21:23:33","2021-04-21 21:24:07",9
"2021-04-21",PY_AGG_MATCH_JOUEUR,"2021-04-21 21:22:56","2021-04-21 21:23:32",55
"2021-04-21",PY_DIM_JOUEUR,"2021-04-21 21:12:50","2021-04-21 21:19:21",0
"2021-04-21",PY_DIM_MATCH,"2021-04-21 21:19:22","2021-04-21 21:22:52",2
"2021-04-21",PY_DIM_SAISON,"2021-04-21 21:12:49","2021-04-21 21:12:50",0
"2021-04-21",PY_EXECUTION_PLAN,"2021-04-21 21:12:48","2021-04-21 21:25:27",0
"2021-04-21",PY_FCT_MATCH,"2021-04-21 21:24:45","2021-04-21 21:25:25",297
"2021-04-21",PY_PUSH_TO_PROD,"2021-04-21 21:25:25","2021-04-21 21:25:27",0
"2021-04-22",PY_AGG_MATCH_GARDIEN,"2021-04-22 21:22:04","2021-04-22 21:22:41",5
"2021-04-22",PY_AGG_MATCH_JOUEUR,"2021-04-22 21:21:17","2021-04-22 21:22:02",24
"2021-04-22",PY_DIM_JOUEUR,"2021-04-22 21:11:24","2021-04-22 21:17:22",0
"2021-04-22",PY_DIM_MATCH,"2021-04-22 21:17:23","2021-04-22 21:21:11",1
"2021-04-22",PY_DIM_SAISON,"2021-04-22 21:11:22","2021-04-22 21:11:23",0
"2021-04-22",PY_EXECUTION_PLAN,"2021-04-22 21:11:21","2021-04-22 21:24:08",0
"2021-04-22",PY_FCT_MATCH,"2021-04-22 21:23:32","2021-04-22 21:24:06",139
"2021-04-22",PY_PUSH_TO_PROD,"2021-04-22 21:24:06","2021-04-22 21:24:08",0
"2021-04-23",AGG_MATCH_DAILY,"2021-04-23 01:00:00","2021-04-23 01:00:01",0
"2021-04-23",AGG_MATCHs_UPDATES,"2021-04-23 13:00:00","2021-04-23 13:00:01",0
"2021-04-23",DIM_SAISON_UPDATE_IS_ACTIVE,"2021-04-23 06:00:00","2021-04-23 06:00:00",0
"2021-04-24",PY_AGG_MATCH_GARDIEN,"2021-04-24 21:39:30","2021-04-24 21:39:59",12
"2021-04-24",PY_AGG_MATCH_JOUEUR,"2021-04-24 21:38:47","2021-04-24 21:39:29",83
"2021-04-24",PY_DIM_JOUEUR,"2021-04-24 21:29:50","2021-04-24 21:35:12",1
"2021-04-24",PY_DIM_MATCH,"2021-04-24 21:35:12","2021-04-24 21:38:41",3
"2021-04-24",PY_DIM_SAISON,"2021-04-24 21:29:49","2021-04-24 21:29:50",0
"2021-04-24",PY_EXECUTION_PLAN,"2021-04-24 21:29:48","2021-04-24 21:41:13",0
"2021-04-24",PY_FCT_MATCH,"2021-04-24 21:40:33","2021-04-24 21:41:11",452
"2021-04-24",PY_PUSH_TO_PROD,"2021-04-24 21:41:11","2021-04-24 21:41:13",0
"2021-04-25",AGG_MATCH_DAILY,"2021-04-25 01:00:00","2021-04-25 01:00:01",0
"2021-04-25",AGG_MATCHs_UPDATES,"2021-04-25 13:00:00","2021-04-25 13:00:01",0
"2021-04-25",DIM_SAISON_UPDATE_IS_ACTIVE,"2021-04-25 06:00:00","2021-04-25 06:00:00",0
"2021-04-26",AGG_MATCH_DAILY,"2021-04-26 01:00:00","2021-04-26 01:00:00",0
"2021-04-26",AGG_MATCHs_UPDATES,"2021-04-26 13:00:00","2021-04-26 13:00:01",0
"2021-04-26",DIM_JOUEUR_UPDATES,"2021-04-26 00:20:00","2021-04-26 00:20:02",0
"2021-04-26",DIM_SAISON_UPDATE_IS_ACTIVE,"2021-04-26 06:00:00","2021-04-26 06:00:00",0
"2021-04-26",PY_AGG_MATCH_GARDIEN,"2021-04-26 09:35:56","2021-04-26 09:37:00",15
"2021-04-26",PY_AGG_MATCH_JOUEUR,"2021-04-26 09:33:37","2021-04-26 09:35:50",78
"2021-04-26",PY_DIM_JOUEUR,"2021-04-26 09:09:51","2021-04-26 09:20:38",0
"2021-04-26",PY_DIM_MATCH,"2021-04-26 09:21:37","2021-04-26 09:27:19",3
"2021-04-26",PY_DIM_SAISON,"2021-04-26 09:09:46","2021-04-26 09:09:49",0
"2021-04-26",PY_EXECUTION_PLAN,"2021-04-26 09:09:40",,0
"2021-04-26",PY_FCT_MATCH,"2021-04-26 09:38:28","2021-04-26 09:39:37",418
"2021-04-27",AGG_MATCH_DAILY,"2021-04-27 01:00:00","2021-04-27 01:00:04",0
"2021-04-27",AGG_MATCHs_UPDATES,"2021-04-27 13:00:00","2021-04-27 13:00:03",0
"2021-04-27",DIM_SAISON_UPDATE_IS_ACTIVE,"2021-04-27 06:00:00","2021-04-27 06:00:00",0
"2021-04-28",AGG_MATCH_DAILY,"2021-04-28 01:00:00","2021-04-28 01:00:02",0
"2021-04-28",AGG_MATCHs_UPDATES,"2021-04-28 13:00:00","2021-04-28 13:00:02",0
"2021-04-28",DIM_SAISON_UPDATE_IS_ACTIVE,"2021-04-28 06:00:00","2021-04-28 06:00:00",0
"2021-04-29",AGG_MATCH_DAILY,"2021-04-29 01:00:00","2021-04-29 01:00:01",0
"2021-04-29",AGG_MATCHs_UPDATES,"2021-04-29 13:00:00","2021-04-29 13:00:02",0
"2021-04-29",DIM_SAISON_UPDATE_IS_ACTIVE,"2021-04-29 06:00:00","2021-04-29 06:00:00",0
"2021-04-30",AGG_MATCH_DAILY,"2021-04-30 01:00:00","2021-04-30 01:00:02",0
"2021-04-30",AGG_MATCHs_UPDATES,"2021-04-30 13:00:01","2021-04-30 13:00:05",0
"2021-04-30",DIM_SAISON_UPDATE_IS_ACTIVE,"2021-04-30 06:00:00","2021-04-30 06:00:00",0
"2021-05-01",AGG_MATCH_DAILY,"2021-05-01 01:00:01","2021-05-01 01:00:01",0
"2021-05-01",AGG_MATCHs_UPDATES,"2021-05-01 13:00:00","2021-05-01 13:00:01",0
"2021-05-01",DIM_SAISON_UPDATE_IS_ACTIVE,"2021-05-01 06:00:00","2021-05-01 06:00:00",0
"2021-05-02",AGG_MATCH_DAILY,"2021-05-02 01:00:00","2021-05-02 01:00:00",0
"2021-05-02",AGG_MATCHs_UPDATES,"2021-05-02 13:00:00","2021-05-02 13:00:01",0
"2021-05-02",DIM_SAISON_UPDATE_IS_ACTIVE,"2021-05-02 06:00:00","2021-05-02 06:00:00",0
"2021-05-03",AGG_MATCH_DAILY,"2021-05-03 01:00:00","2021-05-03 01:00:00",0
"2021-05-03",AGG_MATCHs_UPDATES,"2021-05-03 13:00:00","2021-05-03 13:00:01",0
"2021-05-03",DIM_JOUEUR_UPDATES,"2021-05-03 00:20:00","2021-05-03 00:20:01",0
"2021-05-03",DIM_SAISON_UPDATE_IS_ACTIVE,"2021-05-03 06:00:00","2021-05-03 06:00:00",0
"2021-05-04",AGG_MATCH_DAILY,"2021-05-04 01:00:00","2021-05-04 01:00:04",0
"2021-05-04",AGG_MATCHs_UPDATES,"2021-05-04 13:00:00","2021-05-04 13:00:02",0
"2021-05-04",DIM_SAISON_UPDATE_IS_ACTIVE,"2021-05-04 06:00:00","2021-05-04 06:00:00",0
"2021-05-05",AGG_MATCH_DAILY,"2021-05-05 01:00:00","2021-05-05 01:00:01",0
"2021-05-05",AGG_MATCHs_UPDATES,"2021-05-05 13:00:00","2021-05-05 13:00:05",0
"2021-05-05",DIM_SAISON_UPDATE_IS_ACTIVE,"2021-05-05 06:00:00","2021-05-05 06:00:00",0
"2021-05-06",AGG_MATCH_DAILY,"2021-05-06 01:00:00","2021-05-06 01:00:00",0
"2021-05-06",AGG_MATCHs_UPDATES,"2021-05-06 13:00:00","2021-05-06 13:00:03",0
"2021-05-06",DIM_SAISON_UPDATE_IS_ACTIVE,"2021-05-06 06:00:00","2021-05-06 06:00:00",0
"2021-05-06",PY_AGG_MATCH_GARDIEN,"2021-05-06 11:51:02","2021-05-06 11:51:32",13
"2021-05-06",PY_AGG_MATCH_JOUEUR,"2021-05-06 11:50:26","2021-05-06 11:51:01",80
"2021-05-06",PY_DIM_JOUEUR,"2021-05-06 11:40:59","2021-05-06 11:46:29",1
"2021-05-06",PY_DIM_MATCH,"2021-05-06 11:46:29","2021-05-06 11:50:23",3
"2021-05-06",PY_DIM_SAISON,"2021-05-06 11:40:58","2021-05-06 11:40:59",0
"2021-05-06",PY_EXECUTION_PLAN,"2021-05-06 11:40:57","2021-05-06 11:52:44",0
"2021-05-06",PY_FCT_MATCH,"2021-05-06 11:51:54","2021-05-06 11:52:40",426
"2021-05-06",PY_PUSH_TO_PROD,"2021-05-06 11:52:41","2021-05-06 11:52:44",0
"2021-05-07",AGG_MATCH_DAILY,"2021-05-07 01:00:00","2021-05-07 01:00:01",0
"2021-05-07",AGG_MATCHs_UPDATES,"2021-05-07 13:00:00","2021-05-07 13:00:01",0
"2021-05-07",DIM_SAISON_UPDATE_IS_ACTIVE,"2021-05-07 06:00:00","2021-05-07 06:00:00",0
"2021-05-08",AGG_MATCH_DAILY,"2021-05-08 01:00:00","2021-05-08 01:00:01",0
"2021-05-08",AGG_MATCHs_UPDATES,"2021-05-08 13:00:00","2021-05-08 13:00:01",0
"2021-05-08",DIM_SAISON_UPDATE_IS_ACTIVE,"2021-05-08 06:00:00","2021-05-08 06:00:00",0
"2021-05-08",PY_AGG_MATCH_GARDIEN,"2021-05-08 19:50:17","2021-05-08 19:51:03",27
"2021-05-08",PY_AGG_MATCH_JOUEUR,"2021-05-08 19:49:24","2021-05-08 19:50:16",161
"2021-05-08",PY_DIM_JOUEUR,"2021-05-08 19:40:09","2021-05-08 19:45:44",0
"2021-05-08",PY_DIM_MATCH,"2021-05-08 19:45:44","2021-05-08 19:49:21",6
"2021-05-08",PY_DIM_SAISON,"2021-05-08 19:40:08","2021-05-08 19:40:08",0
"2021-05-08",PY_EXECUTION_PLAN,"2021-05-08 19:40:07","2021-05-08 19:52:16",0
"2021-05-08",PY_FCT_MATCH,"2021-05-08 19:51:27","2021-05-08 19:52:14",867
"2021-05-08",PY_PUSH_TO_PROD,"2021-05-08 19:52:14","2021-05-08 19:52:16",0
"2021-05-09",AGG_MATCH_DAILY,"2021-05-09 01:00:00","2021-05-09 01:00:02",0
"2021-05-09",AGG_MATCHs_UPDATES,"2021-05-09 13:00:00","2021-05-09 13:00:04",0
"2021-05-09",DIM_SAISON_UPDATE_IS_ACTIVE,"2021-05-09 06:00:00","2021-05-09 06:00:00",0
"2021-05-10",AGG_MATCH_DAILY,"2021-05-10 01:00:00","2021-05-10 01:00:01",0
"2021-05-10",AGG_MATCHs_UPDATES,"2021-05-10 13:00:00","2021-05-10 13:00:02",0
"2021-05-10",DIM_JOUEUR_UPDATES,"2021-05-10 00:20:00","2021-05-10 00:20:02",0
"2021-05-10",DIM_SAISON_UPDATE_IS_ACTIVE,"2021-05-10 06:00:00","2021-05-10 06:00:00",0
"2021-05-10",PY_AGG_MATCH_GARDIEN,"2021-05-10 11:18:03","2021-05-10 11:18:30",4
"2021-05-10",PY_AGG_MATCH_JOUEUR,"2021-05-10 11:17:31","2021-05-10 11:18:01",28
"2021-05-10",PY_DIM_JOUEUR,"2021-05-10 11:08:07","2021-05-10 11:14:03",0
"2021-05-10",PY_DIM_MATCH,"2021-05-10 11:14:03","2021-05-10 11:17:29",1
"2021-05-10",PY_DIM_SAISON,"2021-05-10 11:08:05","2021-05-10 11:08:06",0
"2021-05-10",PY_EXECUTION_PLAN,"2021-05-10 11:08:04","2021-05-10 11:19:33",0
"2021-05-10",PY_FCT_MATCH,"2021-05-10 11:19:01","2021-05-10 11:19:31",155
"2021-05-10",PY_PUSH_TO_PROD,"2021-05-10 11:19:31","2021-05-10 11:19:33",0
"2021-05-11",AGG_MATCH_DAILY,"2021-05-11 01:00:00","2021-05-11 01:00:01",0
"2021-05-11",AGG_MATCHs_UPDATES,"2021-05-11 13:00:01","2021-05-11 13:00:07",0
"2021-05-11",DIM_SAISON_UPDATE_IS_ACTIVE,"2021-05-11 06:00:01","2021-05-11 06:00:01",0
"2021-05-12",AGG_MATCH_DAILY,"2021-05-12 01:00:00","2021-05-12 01:00:00",0
"2021-05-12",AGG_MATCHs_UPDATES,"2021-05-12 13:00:00","2021-05-12 13:00:01",0
"2021-05-12",DIM_SAISON_UPDATE_IS_ACTIVE,"2021-05-12 06:00:00","2021-05-12 06:00:00",0
"2021-05-12",PY_AGG_MATCH_GARDIEN,"2021-05-12 07:11:34","2021-05-12 07:12:45",17
"2021-05-12",PY_AGG_MATCH_JOUEUR,"2021-05-12 07:10:06","2021-05-12 07:11:32",110
"2021-05-12",PY_DIM_JOUEUR,"2021-05-12 06:53:13","2021-05-12 07:03:39",0
"2021-05-12",PY_DIM_MATCH,"2021-05-12 07:03:40","2021-05-12 07:09:52",4
"2021-05-12",PY_DIM_SAISON,"2021-05-12 06:53:12","2021-05-12 06:53:13",0
"2021-05-12",PY_EXECUTION_PLAN,"2021-05-12 06:53:11","2021-05-12 07:16:45",0
"2021-05-12",PY_FCT_MATCH,"2021-05-12 07:15:15","2021-05-12 07:16:43",579
"2021-05-12",PY_PUSH_TO_PROD,"2021-05-12 07:16:43","2021-05-12 07:16:45",0
"2021-05-13",AGG_MATCH_DAILY,"2021-05-13 01:00:00","2021-05-13 01:00:01",0
"2021-05-13",AGG_MATCHs_UPDATES,"2021-05-13 13:00:00","2021-05-13 13:00:01",0
"2021-05-13",DIM_SAISON_UPDATE_IS_ACTIVE,"2021-05-13 06:00:00","2021-05-13 06:00:00",0
"2021-05-14",AGG_MATCH_DAILY,"2021-05-14 01:00:00","2021-05-14 01:00:00",0
"2021-05-14",AGG_MATCHs_UPDATES,"2021-05-14 13:00:00","2021-05-14 13:00:01",0
"2021-05-14",DIM_SAISON_UPDATE_IS_ACTIVE,"2021-05-14 06:00:00","2021-05-14 06:00:00",0
"2021-05-14",PY_AGG_MATCH_GARDIEN,"2021-05-14 09:38:45","2021-05-14 09:39:21",4
"2021-05-14",PY_AGG_MATCH_JOUEUR,"2021-05-14 09:38:03","2021-05-14 09:38:43",28
"2021-05-14",PY_DIM_JOUEUR,"2021-05-14 09:22:57","2021-05-14 09:29:42",0
"2021-05-14",PY_DIM_MATCH,"2021-05-14 09:29:43","2021-05-14 09:34:13",1
"2021-05-14",PY_DIM_SAISON,"2021-05-14 09:22:55","2021-05-14 09:22:57",0
"2021-05-14",PY_EXECUTION_PLAN,"2021-05-14 09:22:53",,0
"2021-05-14",PY_FCT_MATCH,"2021-05-14 09:39:47","2021-05-14 09:40:28",143
"2021-05-15",AGG_MATCHs_UPDATES,"2021-05-15 13:00:00","2021-05-15 13:00:01",0
"2021-05-15",PY_DIM_JOUEUR,"2021-05-15 11:02:15",,0
"2021-05-15",PY_DIM_SAISON,"2021-05-15 11:02:13","2021-05-15 11:02:14",0
"2021-05-15",PY_EXECUTION_PLAN,"2021-05-15 11:02:11","2021-05-15 11:10:24",0
"2021-05-15",PY_FCT_MATCH,"2021-05-15 11:09:32","2021-05-15 11:10:21",434
"2021-05-15",PY_PUSH_TO_PROD,"2021-05-15 11:10:21","2021-05-15 11:10:24",0
"2021-05-16",AGG_MATCH_DAILY,"2021-05-16 01:00:00","2021-05-16 01:00:01",0
"2021-05-16",AGG_MATCHs_UPDATES,"2021-05-16 13:00:00","2021-05-16 13:00:01",0
"2021-05-16",DIM_SAISON_UPDATE_IS_ACTIVE,"2021-05-16 06:00:00","2021-05-16 06:00:00",0
"2021-05-16",PY_AGG_MATCH_GARDIEN,"2021-05-16 15:51:16","2021-05-16 15:52:08",8
"2021-05-16",PY_AGG_MATCH_JOUEUR,"2021-05-16 15:49:52","2021-05-16 15:51:13",55
"2021-05-16",PY_DIM_JOUEUR,"2021-05-16 15:30:52","2021-05-16 15:43:06",0
"2021-05-16",PY_DIM_MATCH,"2021-05-16 15:43:06","2021-05-16 15:49:49",2
"2021-05-16",PY_DIM_SAISON,"2021-05-16 15:30:47","2021-05-16 15:30:51",0
"2021-05-16",PY_EXECUTION_PLAN,"2021-05-16 15:30:44","2021-05-16 15:54:46",0
"2021-05-16",PY_FCT_MATCH,"2021-05-16 15:53:49","2021-05-16 15:54:43",345
"2021-05-16",PY_PUSH_TO_PROD,"2021-05-16 15:54:43","2021-05-16 15:54:46",0
"2021-05-17",AGG_MATCHs_UPDATES,"2021-05-17 13:00:00","2021-05-17 13:00:01",0
"2021-05-17",PY_AGG_MATCH_GARDIEN,"2021-05-17 12:23:56","2021-05-17 12:24:26",4
"2021-05-17",PY_AGG_MATCH_JOUEUR,"2021-05-17 12:21:28","2021-05-17 12:23:55",27
"2021-05-17",PY_DIM_JOUEUR,"2021-05-17 12:08:47","2021-05-17 12:15:30",0
"2021-05-17",PY_DIM_MATCH,"2021-05-17 12:15:30","2021-05-17 12:21:20",1
"2021-05-17",PY_DIM_SAISON,"2021-05-17 12:08:46","2021-05-17 12:08:47",0
"2021-05-17",PY_EXECUTION_PLAN,"2021-05-17 12:08:45","2021-05-17 12:25:42",0
"2021-05-17",PY_FCT_MATCH,"2021-05-17 12:25:07","2021-05-17 12:25:41",144
"2021-05-17",PY_PUSH_TO_PROD,"2021-05-17 12:25:41","2021-05-17 12:25:42",0
"2021-05-18",AGG_MATCH_DAILY,"2021-05-18 01:00:00","2021-05-18 01:00:01",0
"2021-05-18",AGG_MATCHs_UPDATES,"2021-05-18 13:00:00","2021-05-18 13:00:01",0
"2021-05-18",DIM_SAISON_UPDATE_IS_ACTIVE,"2021-05-18 06:00:00","2021-05-18 06:00:00",0
"2021-05-18",PY_AGG_MATCH_GARDIEN,"2021-05-18 14:09:32","2021-05-18 14:10:11",4
"2021-05-18",PY_AGG_MATCH_JOUEUR,"2021-05-18 14:08:57","2021-05-18 14:09:31",28
"2021-05-18",PY_DIM_JOUEUR,"2021-05-18 13:55:21","2021-05-18 14:04:24",1
"2021-05-18",PY_DIM_MATCH,"2021-05-18 14:04:24","2021-05-18 14:08:49",1
"2021-05-18",PY_DIM_SAISON,"2021-05-18 13:55:20","2021-05-18 13:55:21",0
"2021-05-18",PY_EXECUTION_PLAN,"2021-05-18 13:55:19","2021-05-18 14:11:26",0
"2021-05-18",PY_FCT_MATCH,"2021-05-18 14:10:51","2021-05-18 14:11:24",152
"2021-05-18",PY_PUSH_TO_PROD,"2021-05-18 14:11:25","2021-05-18 14:11:26",0
"2021-05-19",AGG_MATCH_DAILY,"2021-05-19 01:00:00","2021-05-19 01:00:01",0
"2021-05-19",AGG_MATCHs_UPDATES,"2021-05-19 13:00:00","2021-05-19 13:00:01",0
"2021-05-19",DIM_SAISON_UPDATE_IS_ACTIVE,"2021-05-19 06:00:00","2021-05-19 06:00:00",0
"2021-05-19",PY_AGG_MATCH_GARDIEN,"2021-05-19 10:03:07","2021-05-19 10:03:41",0
"2021-05-19",PY_AGG_MATCH_JOUEUR,"2021-05-19 10:02:34","2021-05-19 10:03:07",0
"2021-05-19",PY_DIM_JOUEUR,"2021-05-19 09:50:55","2021-05-19 09:57:56",0
"2021-05-19",PY_DIM_MATCH,"2021-05-19 09:57:56","2021-05-19 10:02:31",0
"2021-05-19",PY_DIM_SAISON,"2021-05-19 09:50:54","2021-05-19 09:50:55",0
"2021-05-19",PY_EXECUTION_PLAN,"2021-05-19 09:50:53","2021-05-19 10:04:51",0
"2021-05-19",PY_FCT_MATCH,"2021-05-19 10:04:20","2021-05-19 10:04:51",0
"2021-05-19",PY_PUSH_TO_PROD,"2021-05-19 10:04:51","2021-05-19 10:04:51",0
"2021-05-20",AGG_MATCH_DAILY,"2021-05-20 01:00:00","2021-05-20 01:00:00",0
"2021-05-20",AGG_MATCHs_UPDATES,"2021-05-20 13:00:00","2021-05-20 13:00:01",0
"2021-05-20",DIM_SAISON_UPDATE_IS_ACTIVE,"2021-05-20 06:00:00","2021-05-20 06:00:00",0
"2021-05-20",PY_AGG_MATCH_GARDIEN,"2021-05-20 09:38:59","2021-05-20 09:40:26",8
"2021-05-20",PY_AGG_MATCH_JOUEUR,"2021-05-20 09:38:05","2021-05-20 09:38:57",54
"2021-05-20",PY_DIM_JOUEUR,"2021-05-20 09:27:11","2021-05-20 09:33:47",0
"2021-05-20",PY_DIM_MATCH,"2021-05-20 09:33:47","2021-05-20 09:38:02",2
"2021-05-20",PY_DIM_SAISON,"2021-05-20 09:27:10","2021-05-20 09:27:11",0
"2021-05-20",PY_EXECUTION_PLAN,"2021-05-20 09:27:09","2021-05-20 09:42:18",0
"2021-05-20",PY_FCT_MATCH,"2021-05-20 09:41:29","2021-05-20 09:42:16",291
"2021-05-20",PY_PUSH_TO_PROD,"2021-05-20 09:42:17","2021-05-20 09:42:18",0
"2021-05-21",AGG_MATCH_DAILY,"2021-05-21 01:00:00","2021-05-21 01:00:01",0
"2021-05-21",AGG_MATCHs_UPDATES,"2021-05-21 13:00:00","2021-05-21 13:00:01",0
"2021-05-21",DIM_SAISON_UPDATE_IS_ACTIVE,"2021-05-21 06:00:00","2021-05-21 06:00:00",0
"2021-05-21",PY_AGG_MATCH_GARDIEN,"2021-05-21 06:53:28","2021-05-21 06:54:08",12
"2021-05-21",PY_AGG_MATCH_JOUEUR,"2021-05-21 06:52:39","2021-05-21 06:53:27",83
"2021-05-21",PY_DIM_JOUEUR,"2021-05-21 06:40:37","2021-05-21 06:47:47",0
"2021-05-21",PY_DIM_MATCH,"2021-05-21 06:47:48","2021-05-21 06:52:35",3
"2021-05-21",PY_DIM_SAISON,"2021-05-21 06:40:35","2021-05-21 06:40:36",0
"2021-05-21",PY_EXECUTION_PLAN,"2021-05-21 06:40:33","2021-05-21 06:55:41",0
"2021-05-21",PY_FCT_MATCH,"2021-05-21 06:54:47","2021-05-21 06:55:39",421
"2021-05-21",PY_PUSH_TO_PROD,"2021-05-21 06:55:39","2021-05-21 06:55:41",0
"2021-05-22",AGG_MATCH_DAILY,"2021-05-22 01:00:00","2021-05-22 01:00:01",0
"2021-05-22",AGG_MATCHs_UPDATES,"2021-05-22 13:00:00","2021-05-22 13:00:02",0
"2021-05-22",DIM_SAISON_UPDATE_IS_ACTIVE,"2021-05-22 06:00:00","2021-05-22 06:00:00",0
"2021-05-22",PY_AGG_MATCH_GARDIEN,"2021-05-22 07:25:57","2021-05-22 07:26:26",4
"2021-05-22",PY_AGG_MATCH_JOUEUR,"2021-05-22 07:25:15","2021-05-22 07:25:56",28
"2021-05-22",PY_DIM_JOUEUR,"2021-05-22 07:13:20","2021-05-22 07:20:32",0
"2021-05-22",PY_DIM_MATCH,"2021-05-22 07:20:33","2021-05-22 07:25:09",1
"2021-05-22",PY_DIM_SAISON,"2021-05-22 07:13:19","2021-05-22 07:13:20",0
"2021-05-22",PY_EXECUTION_PLAN,"2021-05-22 07:13:18","2021-05-22 07:28:07",0
"2021-05-22",PY_FCT_MATCH,"2021-05-22 07:27:25","2021-05-22 07:28:04",142
"2021-05-22",PY_PUSH_TO_PROD,"2021-05-22 07:28:04","2021-05-22 07:28:07",0
"2021-05-23",AGG_MATCH_DAILY,"2021-05-23 01:00:00","2021-05-23 01:00:01",0
"2021-05-23",AGG_MATCHs_UPDATES,"2021-05-23 13:00:00","2021-05-23 13:00:02",0
"2021-05-23",DIM_SAISON_UPDATE_IS_ACTIVE,"2021-05-23 06:00:00","2021-05-23 06:00:00",0
"2021-05-23",PY_AGG_MATCH_GARDIEN,"2021-05-23 21:07:07","2021-05-23 21:08:05",24
"2021-05-23",PY_AGG_MATCH_JOUEUR,"2021-05-23 21:05:18","2021-05-23 21:07:06",166
"2021-05-23",PY_DIM_JOUEUR,"2021-05-23 20:53:17","2021-05-23 21:00:32",0
"2021-05-23",PY_DIM_MATCH,"2021-05-23 21:00:33","2021-05-23 21:05:11",6
"2021-05-23",PY_DIM_SAISON,"2021-05-23 20:53:08","2021-05-23 20:53:17",0
"2021-05-23",PY_EXECUTION_PLAN,"2021-05-23 20:53:05","2021-05-23 21:11:17",0
"2021-05-23",PY_FCT_MATCH,"2021-05-23 21:09:10","2021-05-23 21:11:15",884
"2021-05-23",PY_PUSH_TO_PROD,"2021-05-23 21:11:15","2021-05-23 21:11:17",0
"2021-05-24",AGG_MATCH_DAILY,"2021-05-24 01:00:00","2021-05-24 01:00:01",0
"2021-05-24",AGG_MATCHs_UPDATES,"2021-05-24 13:00:00","2021-05-24 13:00:02",0
"2021-05-24",DIM_JOUEUR_UPDATES,"2021-05-24 00:20:00","2021-05-24 00:20:01",0
"2021-05-24",DIM_SAISON_UPDATE_IS_ACTIVE,"2021-05-24 06:00:00","2021-05-24 06:00:00",0
"2021-05-25",AGG_MATCH_DAILY,"2021-05-25 01:00:00","2021-05-25 01:00:01",0
"2021-05-25",AGG_MATCHs_UPDATES,"2021-05-25 13:00:00","2021-05-25 13:00:02",0
"2021-05-25",DIM_SAISON_UPDATE_IS_ACTIVE,"2021-05-25 06:00:00","2021-05-25 06:00:00",0
"2021-05-26",AGG_MATCH_DAILY,"2021-05-26 01:00:00","2021-05-26 01:00:01",0
"2021-05-26",AGG_MATCHs_UPDATES,"2021-05-26 13:00:00","2021-05-26 13:00:02",0
"2021-05-26",DIM_SAISON_UPDATE_IS_ACTIVE,"2021-05-26 06:00:00","2021-05-26 06:00:00",0
"2021-05-26",PY_AGG_MATCH_GARDIEN,"2021-05-26 08:02:48","2021-05-26 08:03:29",4
"2021-05-26",PY_AGG_MATCH_JOUEUR,"2021-05-26 08:02:05","2021-05-26 08:02:48",28
"2021-05-26",PY_DIM_JOUEUR,"2021-05-26 07:48:17","2021-05-26 07:54:34",0
"2021-05-26",PY_DIM_MATCH,"2021-05-26 07:54:35","2021-05-26 08:00:31",1
"2021-05-26",PY_DIM_SAISON,"2021-05-26 07:48:16","2021-05-26 07:48:16",0
"2021-05-26",PY_EXECUTION_PLAN,"2021-05-26 07:48:15",,0
"2021-05-26",PY_FCT_MATCH,"2021-05-26 08:04:51","2021-05-26 08:05:22",166
"2021-05-26",PY_PUSH_TO_PROD,"2021-05-26 08:05:22","2021-05-26 08:05:24",0
"2021-05-27",AGG_MATCH_DAILY,"2021-05-27 01:00:00","2021-05-27 01:00:01",0
"2021-05-27",AGG_MATCHs_UPDATES,"2021-05-27 13:00:00","2021-05-27 13:00:02",0
"2021-05-27",DIM_SAISON_UPDATE_IS_ACTIVE,"2021-05-27 06:00:00","2021-05-27 06:00:00",0
"2021-05-27",PY_AGG_MATCH_GARDIEN,"2021-05-27 06:49:46","2021-05-27 06:50:17",21
"2021-05-27",PY_AGG_MATCH_JOUEUR,"2021-05-27 06:48:57","2021-05-27 06:49:46",135
"2021-05-27",PY_DIM_JOUEUR,"2021-05-27 06:38:22","2021-05-27 06:44:34",0
"2021-05-27",PY_DIM_MATCH,"2021-05-27 06:44:34","2021-05-27 06:48:52",5
"2021-05-27",PY_DIM_SAISON,"2021-05-27 06:38:21","2021-05-27 06:38:22",0
"2021-05-27",PY_EXECUTION_PLAN,"2021-05-27 06:38:21","2021-05-27 07:02:56",0
"2021-05-27",PY_FCT_MATCH,"2021-05-27 06:50:51",,0
"2021-05-27",PY_PUSH_TO_PROD,"2021-05-27 07:02:53","2021-05-27 07:02:56",0
"2021-05-28",AGG_MATCH_DAILY,"2021-05-28 01:00:01","2021-05-28 01:00:01",0
"2021-05-28",AGG_MATCHs_UPDATES,"2021-05-28 13:00:00","2021-05-28 13:00:01",0
"2021-05-28",DIM_SAISON_UPDATE_IS_ACTIVE,"2021-05-28 06:00:01","2021-05-28 06:00:01",0
"2021-05-29",AGG_MATCHs_UPDATES,"2021-05-29 13:00:00","2021-05-29 13:00:01",0
"2021-05-29",PY_AGG_MATCH_GARDIEN,"2021-05-29 07:07:12","2021-05-29 07:07:38",4
"2021-05-29",PY_AGG_MATCH_JOUEUR,"2021-05-29 07:06:40","2021-05-29 07:07:11",28
"2021-05-29",PY_FCT_MATCH,"2021-05-29 07:08:12","2021-05-29 07:08:37",126
"2021-05-29",PY_PUSH_TO_PROD,"2021-05-29 07:08:37","2021-05-29 07:08:39",0
"2021-05-30",AGG_MATCH_DAILY,"2021-05-30 01:00:00","2021-05-30 01:00:01",0
"2021-05-30",AGG_MATCHs_UPDATES,"2021-05-30 13:00:00","2021-05-30 13:00:01",0
"2021-05-30",DIM_SAISON_UPDATE_IS_ACTIVE,"2021-05-30 06:00:00","2021-05-30 06:00:00",0
"2021-05-30",PY_AGG_MATCH_GARDIEN,"2021-05-30 08:03:56","2021-05-30 08:04:31",26
"2021-05-30",PY_AGG_MATCH_JOUEUR,"2021-05-30 08:02:57","2021-05-30 08:03:55",159
"2021-05-30",PY_DIM_JOUEUR,"2021-05-30 07:51:14","2021-05-30 07:57:47",0
"2021-05-30",PY_DIM_MATCH,"2021-05-30 07:57:47","2021-05-30 08:02:52",6
"2021-05-30",PY_DIM_SAISON,"2021-05-30 07:51:13","2021-05-30 07:51:14",0
"2021-05-30",PY_EXECUTION_PLAN,"2021-05-30 07:51:12","2021-05-30 08:05:57",0
"2021-05-30",PY_FCT_MATCH,"2021-05-30 08:05:10","2021-05-30 08:05:54",920
"2021-05-30",PY_PUSH_TO_PROD,"2021-05-30 08:05:55","2021-05-30 08:05:57",0
"2021-05-31",AGG_MATCH_DAILY,"2021-05-31 01:00:00","2021-05-31 01:00:01",0
"2021-05-31",AGG_MATCHs_UPDATES,"2021-05-31 13:00:00","2021-05-31 13:00:01",0
"2021-05-31",DIM_JOUEUR_UPDATES,"2021-05-31 00:20:00","2021-05-31 00:20:01",0
"2021-05-31",DIM_SAISON_UPDATE_IS_ACTIVE,"2021-05-31 06:00:00","2021-05-31 06:00:00",0
"2021-06-01",AGG_MATCH_DAILY,"2021-06-01 01:00:00","2021-06-01 01:00:00",0
"2021-06-01",AGG_MATCHs_UPDATES,"2021-06-01 13:00:00","2021-06-01 13:00:01",0
"2021-06-01",DIM_SAISON_UPDATE_IS_ACTIVE,"2021-06-01 06:00:00","2021-06-01 06:00:00",0
"2021-06-01",PY_AGG_MATCH_GARDIEN,"2021-06-01 09:27:16","2021-06-01 09:27:49",4
"2021-06-01",PY_AGG_MATCH_JOUEUR,"2021-06-01 09:26:40","2021-06-01 09:27:15",27
"2021-06-01",PY_DIM_JOUEUR,"2021-06-01 09:14:00","2021-06-01 09:21:15",0
"2021-06-01",PY_DIM_MATCH,"2021-06-01 09:21:15","2021-06-01 09:26:32",1
"2021-06-01",PY_DIM_SAISON,"2021-06-01 09:13:59","2021-06-01 09:14:00",0
"2021-06-01",PY_EXECUTION_PLAN,"2021-06-01 09:13:58","2021-06-01 09:29:02",0
"2021-06-01",PY_FCT_MATCH,"2021-06-01 09:28:28","2021-06-01 09:28:59",148
"2021-06-01",PY_PUSH_TO_PROD,"2021-06-01 09:28:59","2021-06-01 09:29:02",0
"2021-06-02",PY_AGG_MATCH_GARDIEN,"2021-06-02 20:08:52","2021-06-02 20:09:30",26
"2021-06-02",PY_AGG_MATCH_JOUEUR,"2021-06-02 20:07:43","2021-06-02 20:08:51",163
"2021-06-02",PY_DIM_JOUEUR,"2021-06-02 19:57:54","2021-06-02 20:02:59",0
"2021-06-02",PY_DIM_MATCH,"2021-06-02 20:02:59","2021-06-02 20:07:37",6
"2021-06-02",PY_DIM_SAISON,"2021-06-02 19:57:53","2021-06-02 19:57:54",0
"2021-06-02",PY_EXECUTION_PLAN,"2021-06-02 19:57:52","2021-06-02 20:11:10",0
"2021-06-02",PY_FCT_MATCH,"2021-06-02 20:10:15","2021-06-02 20:11:07",843
"2021-06-02",PY_PUSH_TO_PROD,"2021-06-02 20:11:07","2021-06-02 20:11:10",0
"2021-06-03",AGG_MATCH_DAILY,"2021-06-03 01:00:00","2021-06-03 01:00:01",0
"2021-06-03",AGG_MATCHs_UPDATES,"2021-06-03 13:00:00","2021-06-03 13:00:01",0
"2021-06-03",DIM_SAISON_UPDATE_IS_ACTIVE,"2021-06-03 06:00:00","2021-06-03 06:00:00",0
"2021-06-04",AGG_MATCH_DAILY,"2021-06-04 01:00:00","2021-06-04 01:00:00",0
"2021-06-04",AGG_MATCHs_UPDATES,"2021-06-04 13:00:00","2021-06-04 13:00:01",0
"2021-06-04",DIM_SAISON_UPDATE_IS_ACTIVE,"2021-06-04 06:00:00","2021-06-04 06:00:00",0
"2021-06-05",AGG_MATCH_DAILY,"2021-06-05 01:00:00","2021-06-05 01:00:00",0
"2021-06-05",AGG_MATCHs_UPDATES,"2021-06-05 13:00:00","2021-06-05 13:00:02",0
"2021-06-05",DIM_SAISON_UPDATE_IS_ACTIVE,"2021-06-05 06:00:00","2021-06-05 06:00:00",0
"2021-06-05",PY_AGG_MATCH_GARDIEN,"2021-06-05 07:57:59","2021-06-05 07:58:28",4
"2021-06-05",PY_AGG_MATCH_JOUEUR,"2021-06-05 07:57:22","2021-06-05 07:57:58",28
"2021-06-05",PY_DIM_JOUEUR,"2021-06-05 07:46:29","2021-06-05 07:53:01",0
"2021-06-05",PY_DIM_MATCH,"2021-06-05 07:53:01","2021-06-05 07:57:14",1
"2021-06-05",PY_DIM_SAISON,"2021-06-05 07:46:28","2021-06-05 07:46:29",0
"2021-06-05",PY_EXECUTION_PLAN,"2021-06-05 07:46:27","2021-06-05 07:59:40",0
"2021-06-05",PY_FCT_MATCH,"2021-06-05 07:59:08","2021-06-05 07:59:38",127
"2021-06-05",PY_PUSH_TO_PROD,"2021-06-05 07:59:38","2021-06-05 07:59:40",0
"2021-06-06",PY_AGG_MATCH_GARDIEN,"2021-06-06 17:27:42","2021-06-06 17:28:12",4
"2021-06-06",PY_AGG_MATCH_JOUEUR,"2021-06-06 17:26:58","2021-06-06 17:27:41",27
"2021-06-06",PY_DIM_JOUEUR,"2021-06-06 17:17:38","2021-06-06 17:22:52",0
"2021-06-06",PY_DIM_MATCH,"2021-06-06 17:22:52","2021-06-06 17:26:51",1
"2021-06-06",PY_DIM_SAISON,"2021-06-06 17:17:37","2021-06-06 17:17:38",0
"2021-06-06",PY_EXECUTION_PLAN,"2021-06-06 17:17:35","2021-06-06 17:29:39",0
"2021-06-06",PY_FCT_MATCH,"2021-06-06 17:29:08","2021-06-06 17:29:38",126
"2021-06-06",PY_PUSH_TO_PROD,"2021-06-06 17:29:38","2021-06-06 17:29:39",0
"2021-06-07",AGG_MATCH_DAILY,"2021-06-07 01:00:00","2021-06-07 01:00:01",0
"2021-06-07",AGG_MATCHs_UPDATES,"2021-06-07 13:00:00","2021-06-07 13:00:01",0
"2021-06-07",DIM_JOUEUR_UPDATES,"2021-06-07 00:20:00","2021-06-07 00:20:01",0
"2021-06-07",DIM_SAISON_UPDATE_IS_ACTIVE,"2021-06-07 06:00:00","2021-06-07 06:00:00",0
"2021-06-08",AGG_MATCH_DAILY,"2021-06-08 01:00:00","2021-06-08 01:00:01",0
"2021-06-08",AGG_MATCHs_UPDATES,"2021-06-08 13:00:00","2021-06-08 13:00:02",0
"2021-06-08",DIM_SAISON_UPDATE_IS_ACTIVE,"2021-06-08 06:00:00","2021-06-08 06:00:00",0
"2021-06-09",AGG_MATCH_DAILY,"2021-06-09 01:00:00","2021-06-09 01:00:01",0
"2021-06-09",AGG_MATCHs_UPDATES,"2021-06-09 13:00:00","2021-06-09 13:00:02",0
"2021-06-09",DIM_SAISON_UPDATE_IS_ACTIVE,"2021-06-09 06:00:00","2021-06-09 06:00:00",0
"2021-06-10",AGG_MATCH_DAILY,"2021-06-10 01:00:00","2021-06-10 01:00:01",0
"2021-06-10",AGG_MATCHs_UPDATES,"2021-06-10 13:00:00","2021-06-10 13:00:04",0
"2021-06-10",DIM_SAISON_UPDATE_IS_ACTIVE,"2021-06-10 06:00:00","2021-06-10 06:00:00",0
"2021-06-10",PY_AGG_MATCH_GARDIEN,"2021-06-10 15:54:00","2021-06-10 15:57:10",315
"2021-06-10",PY_AGG_MATCH_JOUEUR,"2021-06-10 15:53:40","2021-06-10 15:54:00",82
"2021-06-10",PY_DIM_JOUEUR,"2021-06-10 15:44:06","2021-06-10 15:49:35",0
"2021-06-10",PY_DIM_MATCH,"2021-06-10 15:49:35","2021-06-10 15:53:39",3
"2021-06-10",PY_DIM_SAISON,"2021-06-10 15:44:05","2021-06-10 15:44:06",0
"2021-06-10",PY_EXECUTION_PLAN,"2021-06-10 15:44:05","2021-06-10 15:58:04",0
"2021-06-10",PY_FCT_MATCH,"2021-06-10 15:57:28","2021-06-10 15:58:03",436
"2021-06-10",PY_PUSH_TO_PROD,"2021-06-10 15:58:03","2021-06-10 15:58:04",0
"2021-06-11",AGG_MATCH_DAILY,"2021-06-11 01:00:00","2021-06-11 01:00:01",0
"2021-06-11",AGG_MATCHs_UPDATES,"2021-06-11 13:00:01","2021-06-11 13:00:03",0
"2021-06-11",DIM_SAISON_UPDATE_IS_ACTIVE,"2021-06-11 06:00:00","2021-06-11 06:00:01",0
"2021-06-12",AGG_MATCH_DAILY,"2021-06-12 01:00:00","2021-06-12 01:00:00",0
"2021-06-12",AGG_MATCHs_UPDATES,"2021-06-12 13:00:00","2021-06-12 13:00:01",0
"2021-06-12",DIM_SAISON_UPDATE_IS_ACTIVE,"2021-06-12 06:00:00","2021-06-12 06:00:00",0
"2021-06-13",AGG_MATCH_DAILY,"2021-06-13 01:00:00","2021-06-13 01:00:00",0
"2021-06-13",AGG_MATCHs_UPDATES,"2021-06-13 13:00:00","2021-06-13 13:00:02",0
"2021-06-13",DIM_SAISON_UPDATE_IS_ACTIVE,"2021-06-13 06:00:00","2021-06-13 06:00:00",0
"2021-06-13",PY_AGG_MATCH_GARDIEN,"2021-06-13 17:48:47","2021-06-13 17:49:17",8
"2021-06-13",PY_AGG_MATCH_JOUEUR,"2021-06-13 17:46:00","2021-06-13 17:48:47",53
"2021-06-13",PY_DIM_JOUEUR,"2021-06-13 17:34:43","2021-06-13 17:40:38",0
"2021-06-13",PY_DIM_MATCH,"2021-06-13 17:40:38","2021-06-13 17:45:54",2
"2021-06-13",PY_DIM_SAISON,"2021-06-13 17:34:43","2021-06-13 17:34:43",0
"2021-06-13",PY_EXECUTION_PLAN,"2021-06-13 17:34:42","2021-06-13 17:50:30",0
"2021-06-13",PY_FCT_MATCH,"2021-06-13 17:49:58","2021-06-13 17:50:28",291
"2021-06-13",PY_PUSH_TO_PROD,"2021-06-13 17:50:28","2021-06-13 17:50:30",0
"2021-06-14",AGG_MATCH_DAILY,"2021-06-14 01:00:00","2021-06-14 01:00:01",0
"2021-06-14",AGG_MATCHs_UPDATES,"2021-06-14 13:00:00","2021-06-14 13:00:01",0
"2021-06-14",DIM_JOUEUR_UPDATES,"2021-06-14 00:20:00","2021-06-14 00:20:01",0
"2021-06-14",DIM_SAISON_UPDATE_IS_ACTIVE,"2021-06-14 06:00:00","2021-06-14 06:00:00",0
"2021-06-15",AGG_MATCH_DAILY,"2021-06-15 01:00:00","2021-06-15 01:00:00",0
"2021-06-15",AGG_MATCHs_UPDATES,"2021-06-15 13:00:00","2021-06-15 13:00:02",0
"2021-06-15",DIM_SAISON_UPDATE_IS_ACTIVE,"2021-06-15 06:00:00","2021-06-15 06:00:00",0
"2021-06-16",AGG_MATCH_DAILY,"2021-06-16 01:00:00","2021-06-16 01:00:00",0
"2021-06-16",AGG_MATCHs_UPDATES,"2021-06-16 13:00:00","2021-06-16 13:00:01",0
"2021-06-16",DIM_SAISON_UPDATE_IS_ACTIVE,"2021-06-16 06:00:00","2021-06-16 06:00:00",0
"2021-06-17",AGG_MATCH_DAILY,"2021-06-17 01:00:00","2021-06-17 01:00:00",0
"2021-06-17",AGG_MATCHs_UPDATES,"2021-06-17 13:00:00","2021-06-17 13:00:02",0
"2021-06-17",DIM_SAISON_UPDATE_IS_ACTIVE,"2021-06-17 06:00:00","2021-06-17 06:00:00",0
"2021-06-18",AGG_MATCH_DAILY,"2021-06-18 01:00:00","2021-06-18 01:00:01",0
"2021-06-18",AGG_MATCHs_UPDATES,"2021-06-18 13:00:00","2021-06-18 13:00:04",0
"2021-06-18",DIM_SAISON_UPDATE_IS_ACTIVE,"2021-06-18 06:00:00","2021-06-18 06:00:00",0
"2021-06-19",AGG_MATCH_DAILY,"2021-06-19 01:00:00","2021-06-19 01:00:01",0
"2021-06-19",AGG_MATCHs_UPDATES,"2021-06-19 13:00:00","2021-06-19 13:00:02",0
"2021-06-19",DIM_SAISON_UPDATE_IS_ACTIVE,"2021-06-19 06:00:00","2021-06-19 06:00:00",0
"2021-06-20",AGG_MATCH_DAILY,"2021-06-20 01:00:00","2021-06-20 01:00:01",0
"2021-06-20",AGG_MATCHs_UPDATES,"2021-06-20 13:00:00","2021-06-20 13:00:02",0
"2021-06-20",DIM_SAISON_UPDATE_IS_ACTIVE,"2021-06-20 06:00:00","2021-06-20 06:00:00",0
"2021-06-21",AGG_MATCH_DAILY,"2021-06-21 01:00:00","2021-06-21 01:00:00",0
"2021-06-21",AGG_MATCHs_UPDATES,"2021-06-21 13:00:00","2021-06-21 13:00:01",0
"2021-06-21",DIM_JOUEUR_UPDATES,"2021-06-21 00:20:01","2021-06-21 00:20:02",0
"2021-06-21",DIM_SAISON_UPDATE_IS_ACTIVE,"2021-06-21 06:00:00","2021-06-21 06:00:00",0
"2021-06-22",AGG_MATCH_DAILY,"2021-06-22 01:00:00","2021-06-22 01:00:00",0
"2021-06-22",AGG_MATCHs_UPDATES,"2021-06-22 13:00:00","2021-06-22 13:00:01",0
"2021-06-22",DIM_SAISON_UPDATE_IS_ACTIVE,"2021-06-22 06:00:00","2021-06-22 06:00:00",0
"2021-06-23",AGG_MATCH_DAILY,"2021-06-23 01:00:00","2021-06-23 01:00:00",0
"2021-06-23",AGG_MATCHs_UPDATES,"2021-06-23 13:00:00","2021-06-23 13:00:01",0
"2021-06-23",DIM_SAISON_UPDATE_IS_ACTIVE,"2021-06-23 06:00:00","2021-06-23 06:00:00",0
"2021-06-24",AGG_MATCH_DAILY,"2021-06-24 01:00:00","2021-06-24 01:00:00",0
"2021-06-24",AGG_MATCHs_UPDATES,"2021-06-24 13:00:00","2021-06-24 13:00:02",0
"2021-06-24",DIM_SAISON_UPDATE_IS_ACTIVE,"2021-06-24 06:00:00","2021-06-24 06:00:00",0
"2021-06-25",AGG_MATCH_DAILY,"2021-06-25 01:00:00","2021-06-25 01:00:00",0
"2021-06-25",AGG_MATCHs_UPDATES,"2021-06-25 13:00:00","2021-06-25 13:00:02",0
"2021-06-25",DIM_SAISON_UPDATE_IS_ACTIVE,"2021-06-25 06:00:00","2021-06-25 06:00:00",0
"2021-06-26",AGG_MATCH_DAILY,"2021-06-26 01:00:00","2021-06-26 01:00:01",0
"2021-06-26",AGG_MATCHs_UPDATES,"2021-06-26 13:00:00","2021-06-26 13:00:02",0
"2021-06-26",DIM_SAISON_UPDATE_IS_ACTIVE,"2021-06-26 06:00:00","2021-06-26 06:00:00",0
"2021-06-27",AGG_MATCH_DAILY,"2021-06-27 01:00:00","2021-06-27 01:00:01",0
"2021-06-27",AGG_MATCHs_UPDATES,"2021-06-27 13:00:00","2021-06-27 13:00:02",0
"2021-06-27",DIM_SAISON_UPDATE_IS_ACTIVE,"2021-06-27 06:00:00","2021-06-27 06:00:00",0
"2021-06-28",AGG_MATCH_DAILY,"2021-06-28 01:00:00","2021-06-28 01:00:01",0
"2021-06-28",AGG_MATCHs_UPDATES,"2021-06-28 13:00:00","2021-06-28 13:00:01",0
"2021-06-28",DIM_JOUEUR_UPDATES,"2021-06-28 00:20:01","2021-06-28 00:20:02",0
"2021-06-28",DIM_SAISON_UPDATE_IS_ACTIVE,"2021-06-28 06:00:01","2021-06-28 06:00:01",0
"2021-06-29",AGG_MATCH_DAILY,"2021-06-29 01:00:00","2021-06-29 01:00:00",0
"2021-06-29",AGG_MATCHs_UPDATES,"2021-06-29 13:00:00","2021-06-29 13:00:01",0
"2021-06-29",DIM_SAISON_UPDATE_IS_ACTIVE,"2021-06-29 06:00:00","2021-06-29 06:00:00",0
"2021-06-30",AGG_MATCH_DAILY,"2021-06-30 01:00:00","2021-06-30 01:00:01",0
"2021-06-30",AGG_MATCHs_UPDATES,"2021-06-30 13:00:00","2021-06-30 13:00:03",0
"2021-06-30",DIM_SAISON_UPDATE_IS_ACTIVE,"2021-06-30 06:00:00","2021-06-30 06:00:00",0
"2021-07-01",AGG_MATCH_DAILY,"2021-07-01 01:00:00","2021-07-01 01:00:00",0
"2021-07-01",AGG_MATCHs_UPDATES,"2021-07-01 13:00:00","2021-07-01 13:00:01",0
"2021-07-01",DIM_SAISON_UPDATE_IS_ACTIVE,"2021-07-01 06:00:00","2021-07-01 06:00:00",0
"2021-07-02",AGG_MATCH_DAILY,"2021-07-02 01:00:00","2021-07-02 01:00:00",0
"2021-07-02",AGG_MATCHs_UPDATES,"2021-07-02 13:00:00","2021-07-02 13:00:02",0
"2021-07-02",DIM_SAISON_UPDATE_IS_ACTIVE,"2021-07-02 06:00:00","2021-07-02 06:00:00",0
"2021-07-03",AGG_MATCH_DAILY,"2021-07-03 01:00:00","2021-07-03 01:00:00",0
"2021-07-03",AGG_MATCHs_UPDATES,"2021-07-03 13:00:00","2021-07-03 13:00:04",0
"2021-07-03",DIM_SAISON_UPDATE_IS_ACTIVE,"2021-07-03 06:00:00","2021-07-03 06:00:00",0
"2021-07-04",AGG_MATCH_DAILY,"2021-07-04 01:00:00","2021-07-04 01:00:00",0
"2021-07-04",AGG_MATCHs_UPDATES,"2021-07-04 13:00:00","2021-07-04 13:00:02",0
"2021-07-04",DIM_SAISON_UPDATE_IS_ACTIVE,"2021-07-04 06:00:00","2021-07-04 06:00:00",0
"2021-07-05",AGG_MATCH_DAILY,"2021-07-05 01:00:00","2021-07-05 01:00:01",0
"2021-07-05",AGG_MATCHs_UPDATES,"2021-07-05 13:00:00","2021-07-05 13:00:03",0
"2021-07-05",DIM_JOUEUR_UPDATES,"2021-07-05 00:20:00","2021-07-05 00:20:02",0
"2021-07-05",DIM_SAISON_UPDATE_IS_ACTIVE,"2021-07-05 06:00:00","2021-07-05 06:00:00",0
"2021-07-06",AGG_MATCH_DAILY,"2021-07-06 01:00:00","2021-07-06 01:00:01",0
"2021-07-06",AGG_MATCHs_UPDATES,"2021-07-06 13:00:00","2021-07-06 13:00:02",0
"2021-07-06",DIM_SAISON_UPDATE_IS_ACTIVE,"2021-07-06 06:00:00","2021-07-06 06:00:00",0
"2021-07-07",AGG_MATCH_DAILY,"2021-07-07 01:00:00","2021-07-07 01:00:01",0
"2021-07-07",AGG_MATCHs_UPDATES,"2021-07-07 13:00:00","2021-07-07 13:00:02",0
"2021-07-07",DIM_SAISON_UPDATE_IS_ACTIVE,"2021-07-07 06:00:00","2021-07-07 06:00:00",0
"2021-07-08",AGG_MATCH_DAILY,"2021-07-08 01:00:01","2021-07-08 01:00:01",0
"2021-07-08",AGG_MATCHs_UPDATES,"2021-07-08 13:00:00","2021-07-08 13:00:01",0
"2021-07-08",DIM_SAISON_UPDATE_IS_ACTIVE,"2021-07-08 06:00:00","2021-07-08 06:00:00",0
"2021-07-09",AGG_MATCH_DAILY,"2021-07-09 01:00:00","2021-07-09 01:00:00",0
"2021-07-09",AGG_MATCHs_UPDATES,"2021-07-09 13:00:00","2021-07-09 13:00:02",0
"2021-07-09",DIM_SAISON_UPDATE_IS_ACTIVE,"2021-07-09 06:00:00","2021-07-09 06:00:00",0
"2021-07-10",AGG_MATCH_DAILY,"2021-07-10 01:00:00","2021-07-10 01:00:00",0
"2021-07-10",AGG_MATCHs_UPDATES,"2021-07-10 13:00:00","2021-07-10 13:00:02",0
"2021-07-10",DIM_SAISON_UPDATE_IS_ACTIVE,"2021-07-10 06:00:00","2021-07-10 06:00:00",0
"2021-07-11",AGG_MATCH_DAILY,"2021-07-11 01:00:00","2021-07-11 01:00:00",0
"2021-07-11",AGG_MATCHs_UPDATES,"2021-07-11 13:00:00","2021-07-11 13:00:01",0
"2021-07-11",DIM_SAISON_UPDATE_IS_ACTIVE,"2021-07-11 06:00:00","2021-07-11 06:00:00",0
"2021-07-12",AGG_MATCH_DAILY,"2021-07-12 01:00:00","2021-07-12 01:00:01",0
"2021-07-12",AGG_MATCHs_UPDATES,"2021-07-12 13:00:00","2021-07-12 13:00:02",0
"2021-07-12",DIM_JOUEUR_UPDATES,"2021-07-12 00:20:00","2021-07-12 00:20:02",0
"2021-07-12",DIM_SAISON_UPDATE_IS_ACTIVE,"2021-07-12 06:00:00","2021-07-12 06:00:00",0
"2021-07-13",AGG_MATCH_DAILY,"2021-07-13 01:00:00","2021-07-13 01:00:01",0
"2021-07-13",AGG_MATCHs_UPDATES,"2021-07-13 13:00:00","2021-07-13 13:00:02",0
"2021-07-13",DIM_SAISON_UPDATE_IS_ACTIVE,"2021-07-13 06:00:00","2021-07-13 06:00:00",0
"2021-07-14",AGG_MATCH_DAILY,"2021-07-14 01:00:00","2021-07-14 01:00:01",0
"2021-07-14",AGG_MATCHs_UPDATES,"2021-07-14 13:00:00","2021-07-14 13:00:02",0
"2021-07-14",DIM_SAISON_UPDATE_IS_ACTIVE,"2021-07-14 06:00:00","2021-07-14 06:00:00",0
"2021-07-15",AGG_MATCH_DAILY,"2021-07-15 01:00:00","2021-07-15 01:00:01",0
"2021-07-15",AGG_MATCHs_UPDATES,"2021-07-15 13:00:00","2021-07-15 13:00:02",0
"2021-07-15",DIM_SAISON_UPDATE_IS_ACTIVE,"2021-07-15 06:00:00","2021-07-15 06:00:00",0
"2021-07-16",AGG_MATCH_DAILY,"2021-07-16 01:00:00","2021-07-16 01:00:00",0
"2021-07-16",AGG_MATCHs_UPDATES,"2021-07-16 13:00:00","2021-07-16 13:00:02",0
"2021-07-16",DIM_SAISON_UPDATE_IS_ACTIVE,"2021-07-16 06:00:00","2021-07-16 06:00:00",0
"2021-07-17",AGG_MATCH_DAILY,"2021-07-17 01:00:00","2021-07-17 01:00:00",0
"2021-07-17",AGG_MATCHs_UPDATES,"2021-07-17 13:00:00","2021-07-17 13:00:02",0
"2021-07-17",DIM_SAISON_UPDATE_IS_ACTIVE,"2021-07-17 06:00:00","2021-07-17 06:00:00",0
"2021-07-18",AGG_MATCH_DAILY,"2021-07-18 01:00:00","2021-07-18 01:00:01",0
"2021-07-18",AGG_MATCHs_UPDATES,"2021-07-18 13:00:00","2021-07-18 13:00:02",0
"2021-07-18",DIM_SAISON_UPDATE_IS_ACTIVE,"2021-07-18 06:00:00","2021-07-18 06:00:00",0
"2021-07-19",AGG_MATCH_DAILY,"2021-07-19 01:00:00","2021-07-19 01:00:01",0
"2021-07-19",AGG_MATCHs_UPDATES,"2021-07-19 13:00:00","2021-07-19 13:00:02",0
"2021-07-19",DIM_JOUEUR_UPDATES,"2021-07-19 00:20:00","2021-07-19 00:20:02",0
"2021-07-19",DIM_SAISON_UPDATE_IS_ACTIVE,"2021-07-19 06:00:00","2021-07-19 06:00:00",0
"2021-07-20",AGG_MATCH_DAILY,"2021-07-20 01:00:00","2021-07-20 01:00:01",0
"2021-07-20",AGG_MATCHs_UPDATES,"2021-07-20 13:00:00","2021-07-20 13:00:02",0
"2021-07-20",DIM_SAISON_UPDATE_IS_ACTIVE,"2021-07-20 06:00:00","2021-07-20 06:00:00",0
"2021-07-21",AGG_MATCH_DAILY,"2021-07-21 01:00:00","2021-07-21 01:00:01",0
"2021-07-21",AGG_MATCHs_UPDATES,"2021-07-21 13:00:00","2021-07-21 13:00:02",0
"2021-07-21",DIM_SAISON_UPDATE_IS_ACTIVE,"2021-07-21 06:00:00","2021-07-21 06:00:00",0
"2021-07-22",AGG_MATCH_DAILY,"2021-07-22 01:00:00","2021-07-22 01:00:01",0
"2021-07-22",AGG_MATCHs_UPDATES,"2021-07-22 13:00:00","2021-07-22 13:00:03",0
"2021-07-22",DIM_SAISON_UPDATE_IS_ACTIVE,"2021-07-22 06:00:00","2021-07-22 06:00:00",0
"2021-07-23",AGG_MATCH_DAILY,"2021-07-23 01:00:01","2021-07-23 01:00:01",0
"2021-07-23",AGG_MATCHs_UPDATES,"2021-07-23 13:00:01","2021-07-23 13:00:03",0
"2021-07-23",DIM_SAISON_UPDATE_IS_ACTIVE,"2021-07-23 06:00:00","2021-07-23 06:00:01",0
"2021-07-24",AGG_MATCH_DAILY,"2021-07-24 01:00:00","2021-07-24 01:00:00",0
"2021-07-24",AGG_MATCHs_UPDATES,"2021-07-24 13:00:00","2021-07-24 13:00:01",0
"2021-07-24",DIM_SAISON_UPDATE_IS_ACTIVE,"2021-07-24 06:00:00","2021-07-24 06:00:00",0
"2021-07-25",AGG_MATCH_DAILY,"2021-07-25 01:00:00","2021-07-25 01:00:00",0
"2021-07-25",AGG_MATCHs_UPDATES,"2021-07-25 13:00:00","2021-07-25 13:00:02",0
"2021-07-25",DIM_SAISON_UPDATE_IS_ACTIVE,"2021-07-25 06:00:00","2021-07-25 06:00:00",0
"2021-07-26",AGG_MATCH_DAILY,"2021-07-26 01:00:00","2021-07-26 01:00:00",0
"2021-07-26",AGG_MATCHs_UPDATES,"2021-07-26 13:00:00","2021-07-26 13:00:02",0
"2021-07-26",DIM_JOUEUR_UPDATES,"2021-07-26 00:20:00","2021-07-26 00:20:02",0
"2021-07-26",DIM_SAISON_UPDATE_IS_ACTIVE,"2021-07-26 06:00:00","2021-07-26 06:00:00",0
"2021-07-27",AGG_MATCH_DAILY,"2021-07-27 01:00:00","2021-07-27 01:00:01",0
"2021-07-27",AGG_MATCHs_UPDATES,"2021-07-27 13:00:00","2021-07-27 13:00:02",0
"2021-07-27",DIM_SAISON_UPDATE_IS_ACTIVE,"2021-07-27 06:00:00","2021-07-27 06:00:00",0
"2021-07-28",AGG_MATCH_DAILY,"2021-07-28 01:00:00","2021-07-28 01:00:01",0
"2021-07-28",AGG_MATCHs_UPDATES,"2021-07-28 13:00:00","2021-07-28 13:00:02",0
"2021-07-28",DIM_SAISON_UPDATE_IS_ACTIVE,"2021-07-28 06:00:00","2021-07-28 06:00:00",0
"2021-07-29",AGG_MATCH_DAILY,"2021-07-29 01:00:01","2021-07-29 01:00:01",0
"2021-07-29",AGG_MATCHs_UPDATES,"2021-07-29 13:00:00","2021-07-29 13:00:01",0
"2021-07-29",DIM_SAISON_UPDATE_IS_ACTIVE,"2021-07-29 06:00:00","2021-07-29 06:00:00",0
"2021-07-30",AGG_MATCH_DAILY,"2021-07-30 01:00:00","2021-07-30 01:00:00",0
"2021-07-30",AGG_MATCHs_UPDATES,"2021-07-30 13:00:00","2021-07-30 13:00:03",0
"2021-07-30",DIM_SAISON_UPDATE_IS_ACTIVE,"2021-07-30 06:00:00","2021-07-30 06:00:00",0
"2021-07-31",AGG_MATCH_DAILY,"2021-07-31 01:00:00","2021-07-31 01:00:00",0
"2021-07-31",AGG_MATCHs_UPDATES,"2021-07-31 13:00:00","2021-07-31 13:00:02",0
"2021-07-31",DIM_SAISON_UPDATE_IS_ACTIVE,"2021-07-31 06:00:00","2021-07-31 06:00:00",0
"2021-08-01",AGG_MATCH_DAILY,"2021-08-01 01:00:00","2021-08-01 01:00:01",0
"2021-08-01",AGG_MATCHs_UPDATES,"2021-08-01 13:00:00","2021-08-01 13:00:03",0
"2021-08-01",DIM_SAISON_UPDATE_IS_ACTIVE,"2021-08-01 06:00:00","2021-08-01 06:00:00",0
"2021-08-02",AGG_MATCH_DAILY,"2021-08-02 01:00:00","2021-08-02 01:00:01",0
"2021-08-02",AGG_MATCHs_UPDATES,"2021-08-02 13:00:00","2021-08-02 13:00:03",0
"2021-08-02",DIM_JOUEUR_UPDATES,"2021-08-02 00:20:00","2021-08-02 00:20:02",0
"2021-08-02",DIM_SAISON_UPDATE_IS_ACTIVE,"2021-08-02 06:00:00","2021-08-02 06:00:00",0
"2021-08-03",AGG_MATCH_DAILY,"2021-08-03 01:00:01","2021-08-03 01:00:01",0
"2021-08-03",AGG_MATCHs_UPDATES,"2021-08-03 13:00:01","2021-08-03 13:00:03",0
"2021-08-03",DIM_SAISON_UPDATE_IS_ACTIVE,"2021-08-03 06:00:00","2021-08-03 06:00:01",0
"2021-08-04",AGG_MATCH_DAILY,"2021-08-04 01:00:00","2021-08-04 01:00:00",0
"2021-08-04",AGG_MATCHs_UPDATES,"2021-08-04 13:00:00","2021-08-04 13:00:01",0
"2021-08-04",DIM_SAISON_UPDATE_IS_ACTIVE,"2021-08-04 06:00:00","2021-08-04 06:00:00",0
"2021-08-05",AGG_MATCH_DAILY,"2021-08-05 01:00:00","2021-08-05 01:00:00",0
"2021-08-05",AGG_MATCHs_UPDATES,"2021-08-05 13:00:00","2021-08-05 13:00:01",0
"2021-08-05",DIM_SAISON_UPDATE_IS_ACTIVE,"2021-08-05 06:00:00","2021-08-05 06:00:00",0
"2021-08-06",AGG_MATCH_DAILY,"2021-08-06 01:00:00","2021-08-06 01:00:00",0
"2021-08-06",AGG_MATCHs_UPDATES,"2021-08-06 13:00:00","2021-08-06 13:00:02",0
"2021-08-06",DIM_SAISON_UPDATE_IS_ACTIVE,"2021-08-06 06:00:00","2021-08-06 06:00:00",0
"2021-08-07",AGG_MATCH_DAILY,"2021-08-07 01:00:00","2021-08-07 01:00:00",0
"2021-08-07",AGG_MATCHs_UPDATES,"2021-08-07 13:00:00","2021-08-07 13:00:02",0
"2021-08-07",DIM_SAISON_UPDATE_IS_ACTIVE,"2021-08-07 06:00:00","2021-08-07 06:00:00",0
"2021-08-08",AGG_MATCH_DAILY,"2021-08-08 01:00:00","2021-08-08 01:00:01",0
"2021-08-08",AGG_MATCHs_UPDATES,"2021-08-08 13:00:00","2021-08-08 13:00:02",0
"2021-08-08",DIM_SAISON_UPDATE_IS_ACTIVE,"2021-08-08 06:00:00","2021-08-08 06:00:00",0
"2021-08-09",AGG_MATCH_DAILY,"2021-08-09 01:00:00","2021-08-09 01:00:01",0
"2021-08-09",AGG_MATCHs_UPDATES,"2021-08-09 13:00:00","2021-08-09 13:00:02",0
"2021-08-09",DIM_JOUEUR_UPDATES,"2021-08-09 00:20:00","2021-08-09 00:20:02",0
"2021-08-09",DIM_SAISON_UPDATE_IS_ACTIVE,"2021-08-09 06:00:00","2021-08-09 06:00:00",0
"2021-08-10",AGG_MATCH_DAILY,"2021-08-10 01:00:00","2021-08-10 01:00:01",0
"2021-08-10",AGG_MATCHs_UPDATES,"2021-08-10 13:00:00","2021-08-10 13:00:02",0
"2021-08-10",DIM_SAISON_UPDATE_IS_ACTIVE,"2021-08-10 06:00:00","2021-08-10 06:00:00",0
"2021-08-11",AGG_MATCH_DAILY,"2021-08-11 01:00:01","2021-08-11 01:00:01",0
"2021-08-11",AGG_MATCHs_UPDATES,"2021-08-11 13:00:00","2021-08-11 13:00:01",0
"2021-08-11",DIM_SAISON_UPDATE_IS_ACTIVE,"2021-08-11 06:00:00","2021-08-11 06:00:00",0
"2021-08-12",AGG_MATCH_DAILY,"2021-08-12 01:00:00","2021-08-12 01:00:00",0
"2021-08-12",AGG_MATCHs_UPDATES,"2021-08-12 13:00:00","2021-08-12 13:00:01",0
"2021-08-12",DIM_SAISON_UPDATE_IS_ACTIVE,"2021-08-12 06:00:00","2021-08-12 06:00:00",0
"2021-08-13",AGG_MATCH_DAILY,"2021-08-13 01:00:00","2021-08-13 01:00:00",0
"2021-08-13",AGG_MATCHs_UPDATES,"2021-08-13 13:00:00","2021-08-13 13:00:02",0
"2021-08-13",DIM_SAISON_UPDATE_IS_ACTIVE,"2021-08-13 06:00:00","2021-08-13 06:00:00",0
"2021-08-14",AGG_MATCH_DAILY,"2021-08-14 01:00:00","2021-08-14 01:00:00",0
"2021-08-14",AGG_MATCHs_UPDATES,"2021-08-14 13:00:00","2021-08-14 13:00:02",0
"2021-08-14",DIM_SAISON_UPDATE_IS_ACTIVE,"2021-08-14 06:00:00","2021-08-14 06:00:00",0
"2021-08-15",AGG_MATCH_DAILY,"2021-08-15 01:00:00","2021-08-15 01:00:01",0
"2021-08-15",AGG_MATCHs_UPDATES,"2021-08-15 13:00:00","2021-08-15 13:00:02",0
"2021-08-15",DIM_SAISON_UPDATE_IS_ACTIVE,"2021-08-15 06:00:00","2021-08-15 06:00:00",0
"2021-08-16",AGG_MATCH_DAILY,"2021-08-16 01:00:00","2021-08-16 01:00:01",0
"2021-08-16",AGG_MATCHs_UPDATES,"2021-08-16 13:00:00","2021-08-16 13:00:03",0
"2021-08-16",DIM_JOUEUR_UPDATES,"2021-08-16 00:20:00","2021-08-16 00:20:02",0
"2021-08-16",DIM_SAISON_UPDATE_IS_ACTIVE,"2021-08-16 06:00:00","2021-08-16 06:00:00",0
"2021-08-17",AGG_MATCH_DAILY,"2021-08-17 01:00:00","2021-08-17 01:00:01",0
"2021-08-17",AGG_MATCHs_UPDATES,"2021-08-17 13:00:00","2021-08-17 13:00:02",0
"2021-08-17",DIM_SAISON_UPDATE_IS_ACTIVE,"2021-08-17 06:00:00","2021-08-17 06:00:00",0
"2021-08-18",AGG_MATCH_DAILY,"2021-08-18 01:00:01","2021-08-18 01:00:01",0
"2021-08-18",AGG_MATCHs_UPDATES,"2021-08-18 13:00:01","2021-08-18 13:00:03",0
"2021-08-18",DIM_SAISON_UPDATE_IS_ACTIVE,"2021-08-18 06:00:00","2021-08-18 06:00:01",0
"2021-08-19",AGG_MATCH_DAILY,"2021-08-19 01:00:00","2021-08-19 01:00:00",0
"2021-08-19",AGG_MATCHs_UPDATES,"2021-08-19 13:00:00","2021-08-19 13:00:02",0
"2021-08-19",DIM_SAISON_UPDATE_IS_ACTIVE,"2021-08-19 06:00:00","2021-08-19 06:00:00",0
"2021-08-20",AGG_MATCH_DAILY,"2021-08-20 01:00:00","2021-08-20 01:00:00",0
"2021-08-20",AGG_MATCHs_UPDATES,"2021-08-20 13:00:00","2021-08-20 13:00:02",0
"2021-08-20",DIM_SAISON_UPDATE_IS_ACTIVE,"2021-08-20 06:00:00","2021-08-20 06:00:00",0
"2021-08-21",AGG_MATCH_DAILY,"2021-08-21 01:00:00","2021-08-21 01:00:00",0
"2021-08-21",AGG_MATCHs_UPDATES,"2021-08-21 13:00:00","2021-08-21 13:00:02",0
"2021-08-21",DIM_SAISON_UPDATE_IS_ACTIVE,"2021-08-21 06:00:00","2021-08-21 06:00:00",0
"2021-08-22",AGG_MATCH_DAILY,"2021-08-22 01:00:00","2021-08-22 01:00:00",0
"2021-08-22",AGG_MATCHs_UPDATES,"2021-08-22 13:00:00","2021-08-22 13:00:02",0
"2021-08-22",DIM_SAISON_UPDATE_IS_ACTIVE,"2021-08-22 06:00:00","2021-08-22 06:00:00",0
"2021-08-23",AGG_MATCH_DAILY,"2021-08-23 01:00:00","2021-08-23 01:00:00",0
"2021-08-23",AGG_MATCHs_UPDATES,"2021-08-23 13:00:00","2021-08-23 13:00:02",0
"2021-08-23",DIM_JOUEUR_UPDATES,"2021-08-23 00:20:00","2021-08-23 00:20:02",0
"2021-08-23",DIM_SAISON_UPDATE_IS_ACTIVE,"2021-08-23 06:00:00","2021-08-23 06:00:00",0
"2021-08-24",AGG_MATCH_DAILY,"2021-08-24 01:00:00","2021-08-24 01:00:01",0
"2021-08-24",AGG_MATCHs_UPDATES,"2021-08-24 13:00:00","2021-08-24 13:00:02",0
"2021-08-24",DIM_SAISON_UPDATE_IS_ACTIVE,"2021-08-24 06:00:00","2021-08-24 06:00:00",0
"2021-08-25",AGG_MATCH_DAILY,"2021-08-25 01:00:00","2021-08-25 01:00:01",0
"2021-08-25",AGG_MATCHs_UPDATES,"2021-08-25 13:00:00","2021-08-25 13:00:02",0
"2021-08-25",DIM_SAISON_UPDATE_IS_ACTIVE,"2021-08-25 06:00:00","2021-08-25 06:00:00",0
"2021-08-26",AGG_MATCH_DAILY,"2021-08-26 01:00:01","2021-08-26 01:00:01",0
"2021-08-26",AGG_MATCHs_UPDATES,"2021-08-26 13:00:01","2021-08-26 13:00:02",0
"2021-08-26",DIM_SAISON_UPDATE_IS_ACTIVE,"2021-08-26 06:00:00","2021-08-26 06:00:01",0
"2021-08-27",AGG_MATCH_DAILY,"2021-08-27 01:00:00","2021-08-27 01:00:00",0
"2021-08-27",AGG_MATCHs_UPDATES,"2021-08-27 13:00:00","2021-08-27 13:00:02",0
"2021-08-27",DIM_SAISON_UPDATE_IS_ACTIVE,"2021-08-27 06:00:00","2021-08-27 06:00:00",0
"2021-08-28",AGG_MATCH_DAILY,"2021-08-28 01:00:00","2021-08-28 01:00:00",0
"2021-08-28",AGG_MATCHs_UPDATES,"2021-08-28 13:00:00","2021-08-28 13:00:02",0
"2021-08-28",DIM_SAISON_UPDATE_IS_ACTIVE,"2021-08-28 06:00:00","2021-08-28 06:00:00",0
"2021-08-29",AGG_MATCH_DAILY,"2021-08-29 01:00:00","2021-08-29 01:00:01",0
"2021-08-29",AGG_MATCHs_UPDATES,"2021-08-29 13:00:00","2021-08-29 13:00:02",0
"2021-08-29",DIM_SAISON_UPDATE_IS_ACTIVE,"2021-08-29 06:00:00","2021-08-29 06:00:00",0
"2021-08-30",AGG_MATCH_DAILY,"2021-08-30 01:00:00","2021-08-30 01:00:01",0
"2021-08-30",AGG_MATCHs_UPDATES,"2021-08-30 13:00:00","2021-08-30 13:00:02",0
"2021-08-30",DIM_JOUEUR_UPDATES,"2021-08-30 00:20:00","2021-08-30 00:20:02",0
"2021-08-30",DIM_SAISON_UPDATE_IS_ACTIVE,"2021-08-30 06:00:00","2021-08-30 06:00:00",0
"2021-08-31",AGG_MATCH_DAILY,"2021-08-31 01:00:00","2021-08-31 01:00:01",0
"2021-08-31",AGG_MATCHs_UPDATES,"2021-08-31 13:00:00","2021-08-31 13:00:02",0
"2021-08-31",DIM_SAISON_UPDATE_IS_ACTIVE,"2021-08-31 06:00:00","2021-08-31 06:00:00",0
"2021-09-01",AGG_MATCH_DAILY,"2021-09-01 01:00:00","2021-09-01 01:00:01",0
"2021-09-01",AGG_MATCHs_UPDATES,"2021-09-01 13:00:00","2021-09-01 13:00:02",0
"2021-09-01",DIM_SAISON_UPDATE_IS_ACTIVE,"2021-09-01 06:00:00","2021-09-01 06:00:00",0
"2021-09-02",AGG_MATCH_DAILY,"2021-09-02 01:00:00","2021-09-02 01:00:01",0
"2021-09-02",AGG_MATCHs_UPDATES,"2021-09-02 13:00:00","2021-09-02 13:00:02",0
"2021-09-02",DIM_SAISON_UPDATE_IS_ACTIVE,"2021-09-02 06:00:00","2021-09-02 06:00:00",0
"2021-09-03",AGG_MATCH_DAILY,"2021-09-03 01:00:00","2021-09-03 01:00:01",0
"2021-09-03",AGG_MATCHs_UPDATES,"2021-09-03 13:00:00","2021-09-03 13:00:02",0
"2021-09-03",DIM_SAISON_UPDATE_IS_ACTIVE,"2021-09-03 06:00:00","2021-09-03 06:00:00",0
"2021-09-04",AGG_MATCH_DAILY,"2021-09-04 01:00:01","2021-09-04 01:00:01",0
"2021-09-04",AGG_MATCHs_UPDATES,"2021-09-04 13:00:00","2021-09-04 13:00:02",0
"2021-09-04",DIM_SAISON_UPDATE_IS_ACTIVE,"2021-09-04 06:00:00","2021-09-04 06:00:00",0
"2021-09-05",AGG_MATCH_DAILY,"2021-09-05 01:00:00","2021-09-05 01:00:00",0
"2021-09-05",AGG_MATCHs_UPDATES,"2021-09-05 13:00:00","2021-09-05 13:00:02",0
"2021-09-05",DIM_SAISON_UPDATE_IS_ACTIVE,"2021-09-05 06:00:00","2021-09-05 06:00:00",0
"2021-09-06",AGG_MATCH_DAILY,"2021-09-06 01:00:00","2021-09-06 01:00:00",0
"2021-09-06",AGG_MATCHs_UPDATES,"2021-09-06 13:00:00","2021-09-06 13:00:02",0
"2021-09-06",DIM_JOUEUR_UPDATES,"2021-09-06 00:20:00","2021-09-06 00:20:02",0
"2021-09-06",DIM_SAISON_UPDATE_IS_ACTIVE,"2021-09-06 06:00:00","2021-09-06 06:00:00",0
"2021-09-07",AGG_MATCH_DAILY,"2021-09-07 01:00:00","2021-09-07 01:00:01",0
"2021-09-07",AGG_MATCHs_UPDATES,"2021-09-07 13:00:00","2021-09-07 13:00:02",0
"2021-09-07",DIM_SAISON_UPDATE_IS_ACTIVE,"2021-09-07 06:00:00","2021-09-07 06:00:00",0
"2021-09-08",AGG_MATCH_DAILY,"2021-09-08 01:00:00","2021-09-08 01:00:01",0
"2021-09-08",AGG_MATCHs_UPDATES,"2021-09-08 13:00:00","2021-09-08 13:00:03",0
"2021-09-08",DIM_SAISON_UPDATE_IS_ACTIVE,"2021-09-08 06:00:00","2021-09-08 06:00:00",0
"2021-09-09",AGG_MATCH_DAILY,"2021-09-09 01:00:00","2021-09-09 01:00:01",0
"2021-09-09",AGG_MATCHs_UPDATES,"2021-09-09 13:00:00","2021-09-09 13:00:02",0
"2021-09-09",DIM_SAISON_UPDATE_IS_ACTIVE,"2021-09-09 06:00:00","2021-09-09 06:00:00",0
"2021-09-10",AGG_MATCH_DAILY,"2021-09-10 01:00:00","2021-09-10 01:00:01",0
"2021-09-10",AGG_MATCHs_UPDATES,"2021-09-10 13:00:00","2021-09-10 13:00:02",0
"2021-09-10",DIM_SAISON_UPDATE_IS_ACTIVE,"2021-09-10 06:00:00","2021-09-10 06:00:00",0
"2021-09-11",AGG_MATCH_DAILY,"2021-09-11 01:00:00","2021-09-11 01:00:01",0
"2021-09-11",AGG_MATCHs_UPDATES,"2021-09-11 13:00:00","2021-09-11 13:00:02",0
"2021-09-11",DIM_SAISON_UPDATE_IS_ACTIVE,"2021-09-11 06:00:00","2021-09-11 06:00:00",0
"2021-09-12",AGG_MATCH_DAILY,"2021-09-12 01:00:00","2021-09-12 01:00:01",0
"2021-09-12",AGG_MATCHs_UPDATES,"2021-09-12 13:00:00","2021-09-12 13:00:02",0
"2021-09-12",DIM_SAISON_UPDATE_IS_ACTIVE,"2021-09-12 06:00:00","2021-09-12 06:00:00",0
"2021-09-13",AGG_MATCH_DAILY,"2021-09-13 01:00:00","2021-09-13 01:00:01",0
"2021-09-13",AGG_MATCHs_UPDATES,"2021-09-13 13:00:00","2021-09-13 13:00:02",0
"2021-09-13",DIM_JOUEUR_UPDATES,"2021-09-13 00:20:00","2021-09-13 00:20:02",0
"2021-09-13",DIM_SAISON_UPDATE_IS_ACTIVE,"2021-09-13 06:00:00","2021-09-13 06:00:00",0
"2021-09-14",AGG_MATCH_DAILY,"2021-09-14 01:00:01","2021-09-14 01:00:01",0
"2021-09-14",AGG_MATCHs_UPDATES,"2021-09-14 13:00:01","2021-09-14 13:00:02",0
"2021-09-14",DIM_SAISON_UPDATE_IS_ACTIVE,"2021-09-14 06:00:00","2021-09-14 06:00:01",0
"2021-09-15",AGG_MATCH_DAILY,"2021-09-15 01:00:00","2021-09-15 01:00:00",0
"2021-09-15",AGG_MATCHs_UPDATES,"2021-09-15 13:00:01","2021-09-15 13:00:02",0
"2021-09-15",DIM_SAISON_UPDATE_IS_ACTIVE,"2021-09-15 06:00:01","2021-09-15 06:00:01",0
"2021-09-16",AGG_MATCH_DAILY,"2021-09-16 01:00:01","2021-09-16 01:00:01",0
"2021-09-16",AGG_MATCHs_UPDATES,"2021-09-16 13:00:01","2021-09-16 13:00:02",0
"2021-09-16",DIM_SAISON_UPDATE_IS_ACTIVE,"2021-09-16 06:00:01","2021-09-16 06:00:01",0
"2021-09-17",AGG_MATCH_DAILY,"2021-09-17 01:00:01","2021-09-17 01:00:01",0
"2021-09-17",AGG_MATCHs_UPDATES,"2021-09-17 13:00:01","2021-09-17 13:00:03",0
"2021-09-17",DIM_SAISON_UPDATE_IS_ACTIVE,"2021-09-17 06:00:00","2021-09-17 06:00:01",0
"2021-09-18",AGG_MATCH_DAILY,"2021-09-18 01:00:01","2021-09-18 01:00:01",0
"2021-09-18",AGG_MATCHs_UPDATES,"2021-09-18 13:00:01","2021-09-18 13:00:04",0
"2021-09-18",DIM_SAISON_UPDATE_IS_ACTIVE,"2021-09-18 06:00:00","2021-09-18 06:00:01",0
"2021-09-19",AGG_MATCH_DAILY,"2021-09-19 01:00:01","2021-09-19 01:00:01",0
"2021-09-19",AGG_MATCHs_UPDATES,"2021-09-19 13:00:01","2021-09-19 13:00:04",0
"2021-09-19",DIM_SAISON_UPDATE_IS_ACTIVE,"2021-09-19 06:00:00","2021-09-19 06:00:01",0
"2021-09-20",AGG_MATCH_DAILY,"2021-09-20 01:00:01","2021-09-20 01:00:01",0
"2021-09-20",AGG_MATCHs_UPDATES,"2021-09-20 13:00:01","2021-09-20 13:00:03",0
"2021-09-20",DIM_JOUEUR_UPDATES,"2021-09-20 00:20:00","2021-09-20 00:20:02",0
"2021-09-20",DIM_SAISON_UPDATE_IS_ACTIVE,"2021-09-20 06:00:01","2021-09-20 06:00:01",0
"2021-09-21",AGG_MATCH_DAILY,"2021-09-21 01:00:01","2021-09-21 01:00:01",0
"2021-09-21",AGG_MATCHs_UPDATES,"2021-09-21 13:00:01","2021-09-21 13:00:03",0
"2021-09-21",DIM_SAISON_UPDATE_IS_ACTIVE,"2021-09-21 06:00:00","2021-09-21 06:00:01",0
"2021-09-22",AGG_MATCH_DAILY,"2021-09-22 01:00:01","2021-09-22 01:00:01",0
"2021-09-22",AGG_MATCHs_UPDATES,"2021-09-22 13:00:02","2021-09-22 13:00:04",0
"2021-09-22",DIM_SAISON_UPDATE_IS_ACTIVE,"2021-09-22 06:00:00","2021-09-22 06:00:01",0
"2021-09-23",AGG_MATCH_DAILY,"2021-09-23 01:00:01","2021-09-23 01:00:02",0
"2021-09-23",AGG_MATCHs_UPDATES,"2021-09-23 13:00:01","2021-09-23 13:00:04",0
"2021-09-23",DIM_SAISON_UPDATE_IS_ACTIVE,"2021-09-23 06:00:00","2021-09-23 06:00:01",0
"2021-09-24",AGG_MATCH_DAILY,"2021-09-24 01:00:01","2021-09-24 01:00:02",0
"2021-09-24",AGG_MATCHs_UPDATES,"2021-09-24 13:00:01","2021-09-24 13:00:03",0
"2021-09-24",DIM_SAISON_UPDATE_IS_ACTIVE,"2021-09-24 06:00:01","2021-09-24 06:00:01",0
