"CD_MATCH","MOMENTUM","nb_momentums","GAGNE","ECART_POINTS"
"EURO-H_2022_1_1","INTER_FRANCE",13,TRUE,15
"EURO-H_2022_1_1","INTER_GRECE",2,FALSE,-15
"FR-1-H_32_25_5656","FR_CRMHB_35510",7,FALSE,-1
"FR-1-H_32_25_5656","FR_SRVHB_83700",6,TRUE,1
"FR-1-H_32_25_5657","FR_CSMBHB_73000",4,FALSE,-4
"FR-1-H_32_25_5657","FR_FTHB_31000",9,TRUE,4
"FR-1-H_32_25_5658","FR_USCHB_94000",6,TRUE,4
"FR-1-H_32_25_5658","FR_DHBGL_59140",6,FALSE,-4
"FR-1-H_32_25_5659","FR_IPHB_13806",7,TRUE,4
"FR-1-H_32_25_5659","FR_TFHB_93290",5,FALSE,-4
"FR-1-H_32_25_5660","FR_MHB_34000",7,TRUE,7
"FR-1-H_32_25_5660","FR_CCMHB_28000",5,FALSE,-7
"FR-1-H_32_25_5661","FR_HBCN_44200",8,TRUE,6
"FR-1-H_32_25_5661","FR_USIHB_94200",5,FALSE,-6
"FR-1-H_32_25_5662","FR_USAMNG_30918",9,TRUE,7
"FR-1-H_32_25_5662","FR_LHB_87000",4,FALSE,-7
"FR-1-H_32_25_5663","FR_PSGHB_75016",0,NA,NA
"FR-1-H_32_25_5663","FR_PAUC_13100",0,NA,NA
"FR-1-H_32_26_5664","FR_PAUC_13100",8,FALSE,-5
"FR-1-H_32_26_5664","FR_MHB_34000",8,TRUE,5
"FR-1-H_32_26_5665","FR_CCMHB_28000",7,FALSE,-1
"FR-1-H_32_26_5665","FR_HBCN_44200",8,TRUE,1
"FR-1-H_32_26_5666","FR_DHBGL_59140",5,NA,0
"FR-1-H_32_26_5666","FR_IPHB_13806",4,NA,0
"FR-1-H_32_26_5667","FR_USIHB_94200",7,NA,0
"FR-1-H_32_26_5667","FR_SRVHB_83700",7,NA,0
"FR-1-H_32_26_5668","FR_LHB_87000",8,NA,0
"FR-1-H_32_26_5668","FR_USCHB_94000",8,NA,0
"FR-1-H_32_26_5669","FR_PSGHB_75016",9,TRUE,18
"FR-1-H_32_26_5669","FR_CRMHB_35510",3,FALSE,-18
"FR-1-H_32_26_5670","FR_FTHB_31000",7,FALSE,-1
"FR-1-H_32_26_5670","FR_USAMNG_30918",5,TRUE,1
"FR-1-H_32_26_5671","FR_TFHB_93290",5,FALSE,-3
"FR-1-H_32_26_5671","FR_CSMBHB_73000",5,TRUE,3
"FR-1-H_32_27_5672","FR_CRMHB_35510",6,TRUE,2
"FR-1-H_32_27_5672","FR_TFHB_93290",3,FALSE,-2
"FR-1-H_32_27_5673","FR_CSMBHB_73000",5,FALSE,-3
"FR-1-H_32_27_5673","FR_LHB_87000",6,TRUE,3
"FR-1-H_32_27_5674","FR_USCHB_94000",7,TRUE,8
"FR-1-H_32_27_5674","FR_CCMHB_28000",7,FALSE,-8
"FR-1-H_32_27_5675","FR_IPHB_13806",5,FALSE,-6
"FR-1-H_32_27_5675","FR_PAUC_13100",6,TRUE,6
"FR-1-H_32_27_5676","FR_USIHB_94200",4,FALSE,-3
"FR-1-H_32_27_5676","FR_DHBGL_59140",5,TRUE,3
"FR-1-H_32_27_5677","FR_HBCN_44200",7,TRUE,3
"FR-1-H_32_27_5677","FR_FTHB_31000",6,FALSE,-3
"FR-1-H_32_27_5678","FR_USAMNG_30918",5,FALSE,-1
"FR-1-H_32_27_5678","FR_MHB_34000",6,TRUE,1
"FR-1-H_32_27_5679","FR_SRVHB_83700",3,FALSE,-14
"FR-1-H_32_27_5679","FR_PSGHB_75016",10,TRUE,14
"FR-1-H_32_28_5680","FR_PAUC_13100",8,TRUE,1
"FR-1-H_32_28_5680","FR_CSMBHB_73000",6,FALSE,-1
"FR-1-H_32_28_5681","FR_CCMHB_28000",7,FALSE,-3
"FR-1-H_32_28_5681","FR_CRMHB_35510",8,TRUE,3
"FR-1-H_32_28_5682","FR_DHBGL_59140",5,FALSE,-1
"FR-1-H_32_28_5682","FR_SRVHB_83700",6,TRUE,1
"FR-1-H_32_28_5683","FR_LHB_87000",8,NA,0
"FR-1-H_32_28_5683","FR_IPHB_13806",6,NA,0
"FR-1-H_32_28_5684","FR_MHB_34000",8,NA,0
"FR-1-H_32_28_5684","FR_HBCN_44200",7,NA,0
"FR-1-H_32_28_5685","FR_USAMNG_30918",4,FALSE,-2
"FR-1-H_32_28_5685","FR_USCHB_94000",6,TRUE,2
"FR-1-H_32_28_5686","FR_PSGHB_75016",8,TRUE,6
"FR-1-H_32_28_5686","FR_FTHB_31000",4,FALSE,-6
"FR-1-H_32_28_5687","FR_TFHB_93290",7,FALSE,-1
"FR-1-H_32_28_5687","FR_USIHB_94200",5,TRUE,1
"FR-1-H_32_29_5688","FR_CRMHB_35510",0,NA,NA
"FR-1-H_32_29_5688","FR_LHB_87000",0,NA,NA
"FR-1-H_32_29_5689","FR_CSMBHB_73000",0,NA,NA
"FR-1-H_32_29_5689","FR_USAMNG_30918",0,NA,NA
"FR-1-H_32_29_5690","FR_USCHB_94000",4,FALSE,-4
"FR-1-H_32_29_5690","FR_PAUC_13100",7,TRUE,4
"FR-1-H_32_29_5691","FR_IPHB_13806",7,FALSE,-7
"FR-1-H_32_29_5691","FR_MHB_34000",9,TRUE,7
"FR-1-H_32_29_5692","FR_USIHB_94200",4,FALSE,-11
"FR-1-H_32_29_5692","FR_PSGHB_75016",10,TRUE,11
"FR-1-H_32_29_5693","FR_HBCN_44200",10,TRUE,6
"FR-1-H_32_29_5693","FR_TFHB_93290",4,FALSE,-6
"FR-1-H_32_29_5694","FR_SRVHB_83700",8,FALSE,-2
"FR-1-H_32_29_5694","FR_CCMHB_28000",9,TRUE,2
"FR-1-H_32_29_5695","FR_FTHB_31000",5,FALSE,-3
"FR-1-H_32_29_5695","FR_DHBGL_59140",6,TRUE,3
"FR-1-H_32_30_5696","FR_PAUC_13100",8,TRUE,2
"FR-1-H_32_30_5696","FR_USIHB_94200",5,FALSE,-2
"FR-1-H_32_30_5697","FR_CCMHB_28000",4,FALSE,-1
"FR-1-H_32_30_5697","FR_FTHB_31000",7,TRUE,1
"FR-1-H_32_30_5698","FR_USCHB_94000",0,NA,NA
"FR-1-H_32_30_5698","FR_CSMBHB_73000",0,NA,NA
"FR-1-H_32_30_5699","FR_DHBGL_59140",9,TRUE,3
"FR-1-H_32_30_5699","FR_CRMHB_35510",5,FALSE,-3
"FR-1-H_32_30_5700","FR_LHB_87000",8,TRUE,1
"FR-1-H_32_30_5700","FR_HBCN_44200",6,FALSE,-1
"FR-1-H_32_30_5701","FR_MHB_34000",7,TRUE,7
"FR-1-H_32_30_5701","FR_SRVHB_83700",5,FALSE,-7
"FR-1-H_32_30_5702","FR_USAMNG_30918",8,TRUE,5
"FR-1-H_32_30_5702","FR_IPHB_13806",6,FALSE,-5
"FR-1-H_32_30_5703","FR_TFHB_93290",5,FALSE,-3
"FR-1-H_32_30_5703","FR_PSGHB_75016",6,TRUE,3
"FR-1-H_32_31_5704","FR_CRMHB_35510",2,FALSE,-5
"FR-1-H_32_31_5704","FR_CSMBHB_73000",7,TRUE,5
"FR-1-H_32_31_5705","FR_DHBGL_59140",5,FALSE,-3
"FR-1-H_32_31_5705","FR_USAMNG_30918",5,TRUE,3
"FR-1-H_32_31_5706","FR_IPHB_13806",5,FALSE,-5
"FR-1-H_32_31_5706","FR_CCMHB_28000",8,TRUE,5
"FR-1-H_32_31_5707","FR_USIHB_94200",6,FALSE,-5
"FR-1-H_32_31_5707","FR_MHB_34000",7,TRUE,5
"FR-1-H_32_31_5708","FR_HBCN_44200",6,TRUE,3
"FR-1-H_32_31_5708","FR_USCHB_94000",6,FALSE,-3
"FR-1-H_32_31_5709","FR_PSGHB_75016",10,TRUE,22
"FR-1-H_32_31_5709","FR_LHB_87000",3,FALSE,-22
"FR-1-H_32_31_5710","FR_SRVHB_83700",6,FALSE,-3
"FR-1-H_32_31_5710","FR_PAUC_13100",6,TRUE,3
"FR-1-H_32_31_5711","FR_FTHB_31000",6,TRUE,1
"FR-1-H_32_31_5711","FR_TFHB_93290",6,FALSE,-1
"FR-1-H_32_32_5712","FR_DHBGL_59140",5,FALSE,-1
"FR-1-H_32_32_5712","FR_PAUC_13100",7,TRUE,1
"FR-1-H_32_32_5713","FR_CSMBHB_73000",3,FALSE,-9
"FR-1-H_32_32_5713","FR_HBCN_44200",6,TRUE,9
"FR-1-H_32_32_5714","FR_CCMHB_28000",10,TRUE,4
"FR-1-H_32_32_5714","FR_USIHB_94200",8,FALSE,-4
"FR-1-H_32_32_5715","FR_USCHB_94000",4,FALSE,-3
"FR-1-H_32_32_5715","FR_IPHB_13806",3,TRUE,3
"FR-1-H_32_32_5716","FR_LHB_87000",9,TRUE,5
"FR-1-H_32_32_5716","FR_FTHB_31000",4,FALSE,-5
"FR-1-H_32_32_5717","FR_MHB_34000",5,NA,0
"FR-1-H_32_32_5717","FR_CRMHB_35510",6,NA,0
"FR-1-H_32_32_5718","FR_USAMNG_30918",4,FALSE,-4
"FR-1-H_32_32_5718","FR_PSGHB_75016",7,TRUE,4
"FR-1-H_32_32_5719","FR_TFHB_93290",5,FALSE,-10
"FR-1-H_32_32_5719","FR_SRVHB_83700",12,TRUE,10
"FR-1-H_32_33_5720","FR_CRMHB_35510",4,FALSE,-1
"FR-1-H_32_33_5720","FR_PAUC_13100",6,TRUE,1
"FR-1-H_32_33_5721","FR_DHBGL_59140",10,TRUE,4
"FR-1-H_32_33_5721","FR_LHB_87000",8,FALSE,-4
"FR-1-H_32_33_5722","FR_IPHB_13806",7,FALSE,-5
"FR-1-H_32_33_5722","FR_CSMBHB_73000",5,TRUE,5
"FR-1-H_32_33_5723","FR_USIHB_94200",6,FALSE,-8
"FR-1-H_32_33_5723","FR_USAMNG_30918",7,TRUE,8
"FR-1-H_32_33_5724","FR_PSGHB_75016",11,TRUE,13
"FR-1-H_32_33_5724","FR_CCMHB_28000",3,FALSE,-13
"FR-1-H_32_33_5725","FR_SRVHB_83700",7,FALSE,-2
"FR-1-H_32_33_5725","FR_HBCN_44200",9,TRUE,2
"FR-1-H_32_33_5726","FR_FTHB_31000",7,TRUE,2
"FR-1-H_32_33_5726","FR_USCHB_94000",6,FALSE,-2
"FR-1-H_32_33_5727","FR_TFHB_93290",4,FALSE,-1
"FR-1-H_32_33_5727","FR_MHB_34000",10,TRUE,1
"FR-1-H_32_34_5728","FR_CSMBHB_73000",6,NA,0
"FR-1-H_32_34_5728","FR_SRVHB_83700",3,NA,0
"FR-1-H_32_34_5729","FR_CCMHB_28000",6,FALSE,-1
"FR-1-H_32_34_5729","FR_PAUC_13100",7,TRUE,1
"FR-1-H_32_34_5730","FR_USCHB_94000",4,FALSE,-13
"FR-1-H_32_34_5730","FR_PSGHB_75016",10,TRUE,13
"FR-1-H_32_34_5731","FR_LHB_87000",7,TRUE,5
"FR-1-H_32_34_5731","FR_USIHB_94200",6,FALSE,-5
"FR-1-H_32_34_5732","FR_MHB_34000",7,TRUE,4
"FR-1-H_32_34_5732","FR_DHBGL_59140",5,FALSE,-4
"FR-1-H_32_34_5733","FR_HBCN_44200",8,TRUE,20
"FR-1-H_32_34_5733","FR_CRMHB_35510",4,FALSE,-20
"FR-1-H_32_34_5734","FR_USAMNG_30918",6,TRUE,3
"FR-1-H_32_34_5734","FR_TFHB_93290",5,FALSE,-3
"FR-1-H_32_34_5735","FR_FTHB_31000",9,TRUE,9
"FR-1-H_32_34_5735","FR_IPHB_13806",3,FALSE,-9
"FR-1-H_32_35_5736","FR_PAUC_13100",8,TRUE,13
"FR-1-H_32_35_5736","FR_USAMNG_30918",2,FALSE,-13
"FR-1-H_32_35_5737","FR_CRMHB_35510",8,TRUE,3
"FR-1-H_32_35_5737","FR_USCHB_94000",6,FALSE,-3
"FR-1-H_32_35_5738","FR_DHBGL_59140",4,FALSE,-4
"FR-1-H_32_35_5738","FR_HBCN_44200",7,TRUE,4
"FR-1-H_32_35_5739","FR_USIHB_94200",7,FALSE,-1
"FR-1-H_32_35_5739","FR_FTHB_31000",8,TRUE,1
"FR-1-H_32_35_5740","FR_MHB_34000",9,TRUE,15
"FR-1-H_32_35_5740","FR_CSMBHB_73000",3,FALSE,-15
"FR-1-H_32_35_5741","FR_PSGHB_75016",11,TRUE,12
"FR-1-H_32_35_5741","FR_IPHB_13806",4,FALSE,-12
"FR-1-H_32_35_5742","FR_SRVHB_83700",9,TRUE,5
"FR-1-H_32_35_5742","FR_LHB_87000",4,FALSE,-5
"FR-1-H_32_35_5743","FR_TFHB_93290",5,FALSE,-5
"FR-1-H_32_35_5743","FR_CCMHB_28000",8,TRUE,5
"FR-1-H_32_36_5744","FR_CSMBHB_73000",7,TRUE,4
"FR-1-H_32_36_5744","FR_USIHB_94200",5,FALSE,-4
"FR-1-H_32_36_5745","FR_CCMHB_28000",7,TRUE,4
"FR-1-H_32_36_5745","FR_DHBGL_59140",6,FALSE,-4
"FR-1-H_32_36_5746","FR_USCHB_94000",5,FALSE,-8
"FR-1-H_32_36_5746","FR_MHB_34000",9,TRUE,8
"FR-1-H_32_36_5747","FR_IPHB_13806",7,NA,0
"FR-1-H_32_36_5747","FR_CRMHB_35510",8,NA,0
"FR-1-H_32_36_5748","FR_LHB_87000",7,TRUE,6
"FR-1-H_32_36_5748","FR_TFHB_93290",5,FALSE,-6
"FR-1-H_32_36_5749","FR_HBCN_44200",4,FALSE,-2
"FR-1-H_32_36_5749","FR_PSGHB_75016",6,TRUE,2
"FR-1-H_32_36_5750","FR_USAMNG_30918",7,TRUE,1
"FR-1-H_32_36_5750","FR_SRVHB_83700",8,FALSE,-1
"FR-1-H_32_36_5751","FR_FTHB_31000",4,FALSE,-8
"FR-1-H_32_36_5751","FR_PAUC_13100",9,TRUE,8
"FR-1-H_32_37_5752","FR_PAUC_13100",6,TRUE,3
"FR-1-H_32_37_5752","FR_HBCN_44200",6,FALSE,-3
"FR-1-H_32_37_5753","FR_CRMHB_35510",5,FALSE,-3
"FR-1-H_32_37_5753","FR_USAMNG_30918",9,TRUE,3
"FR-1-H_32_37_5754","FR_CCMHB_28000",5,FALSE,-2
"FR-1-H_32_37_5754","FR_LHB_87000",6,TRUE,2
"FR-1-H_32_37_5755","FR_DHBGL_59140",5,NA,0
"FR-1-H_32_37_5755","FR_CSMBHB_73000",5,NA,0
"FR-1-H_32_37_5756","FR_USIHB_94200",9,TRUE,1
"FR-1-H_32_37_5756","FR_IPHB_13806",6,FALSE,-1
"FR-1-H_32_37_5757","FR_MHB_34000",4,FALSE,-3
"FR-1-H_32_37_5757","FR_PSGHB_75016",6,TRUE,3
"FR-1-H_32_37_5758","FR_SRVHB_83700",6,NA,0
"FR-1-H_32_37_5758","FR_FTHB_31000",6,NA,0
"FR-1-H_32_37_5759","FR_TFHB_93290",5,TRUE,6
"FR-1-H_32_37_5759","FR_USCHB_94000",4,FALSE,-6
"FR-1-H_32_38_5760","FR_PAUC_13100",8,TRUE,5
"FR-1-H_32_38_5760","FR_TFHB_93290",6,FALSE,-5
"FR-1-H_32_38_5761","FR_CSMBHB_73000",3,FALSE,-5
"FR-1-H_32_38_5761","FR_CCMHB_28000",6,TRUE,5
"FR-1-H_32_38_5762","FR_USCHB_94000",9,TRUE,5
"FR-1-H_32_38_5762","FR_USIHB_94200",4,FALSE,-5
"FR-1-H_32_38_5763","FR_IPHB_13806",8,FALSE,-2
"FR-1-H_32_38_5763","FR_SRVHB_83700",6,TRUE,2
"FR-1-H_32_38_5764","FR_LHB_87000",2,FALSE,-6
"FR-1-H_32_38_5764","FR_MHB_34000",4,TRUE,6
"FR-1-H_32_38_5765","FR_USAMNG_30918",6,TRUE,1
"FR-1-H_32_38_5765","FR_HBCN_44200",5,FALSE,-1
"FR-1-H_32_38_5766","FR_PSGHB_75016",8,TRUE,9
"FR-1-H_32_38_5766","FR_DHBGL_59140",5,FALSE,-9
"FR-1-H_32_38_5767","FR_FTHB_31000",6,NA,0
"FR-1-H_32_38_5767","FR_CRMHB_35510",7,NA,0
"FR-1-H_32_39_5768","FR_CRMHB_35510",7,FALSE,-3
"FR-1-H_32_39_5768","FR_USIHB_94200",9,TRUE,3
"FR-1-H_32_39_5769","FR_CSMBHB_73000",5,NA,0
"FR-1-H_32_39_5769","FR_PSGHB_75016",7,NA,0
"FR-1-H_32_39_5770","FR_CCMHB_28000",6,FALSE,-7
"FR-1-H_32_39_5770","FR_USAMNG_30918",11,TRUE,7
"FR-1-H_32_39_5771","FR_DHBGL_59140",7,TRUE,1
"FR-1-H_32_39_5771","FR_TFHB_93290",7,FALSE,-1
"FR-1-H_32_39_5772","FR_LHB_87000",9,FALSE,-1
"FR-1-H_32_39_5772","FR_PAUC_13100",7,TRUE,1
"FR-1-H_32_39_5773","FR_MHB_34000",7,TRUE,3
"FR-1-H_32_39_5773","FR_FTHB_31000",6,FALSE,-3
"FR-1-H_32_39_5774","FR_HBCN_44200",9,TRUE,11
"FR-1-H_32_39_5774","FR_IPHB_13806",4,FALSE,-11
"FR-1-H_32_39_5775","FR_SRVHB_83700",5,TRUE,4
"FR-1-H_32_39_5775","FR_USCHB_94000",8,FALSE,-4
"FR-1-H_32_40_5776","FR_PAUC_13100",8,TRUE,5
"FR-1-H_32_40_5776","FR_CRMHB_35510",4,FALSE,-5
"FR-1-H_32_40_5777","FR_IPHB_13806",4,TRUE,1
"FR-1-H_32_40_5777","FR_DHBGL_59140",4,FALSE,-1
"FR-1-H_32_40_5778","FR_USIHB_94200",6,TRUE,7
"FR-1-H_32_40_5778","FR_CCMHB_28000",4,FALSE,-7
"FR-1-H_32_40_5779","FR_USAMNG_30918",8,FALSE,-3
"FR-1-H_32_40_5779","FR_CSMBHB_73000",9,TRUE,3
"FR-1-H_32_40_5780","FR_PSGHB_75016",5,TRUE,5
"FR-1-H_32_40_5780","FR_USCHB_94000",3,FALSE,-5
"FR-1-H_32_40_5781","FR_SRVHB_83700",6,NA,0
"FR-1-H_32_40_5781","FR_MHB_34000",5,NA,0
"FR-1-H_32_40_5782","FR_FTHB_31000",8,FALSE,-2
"FR-1-H_32_40_5782","FR_LHB_87000",10,TRUE,2
"FR-1-H_32_40_5783","FR_TFHB_93290",6,FALSE,-13
"FR-1-H_32_40_5783","FR_HBCN_44200",12,TRUE,13
"FR-1-H_32_41_5784","FR_CRMHB_35510",5,FALSE,-2
"FR-1-H_32_41_5784","FR_IPHB_13806",5,TRUE,2
"FR-1-H_32_41_5785","FR_CSMBHB_73000",6,FALSE,-3
"FR-1-H_32_41_5785","FR_TFHB_93290",9,TRUE,3
"FR-1-H_32_41_5786","FR_CCMHB_28000",5,FALSE,-9
"FR-1-H_32_41_5786","FR_PSGHB_75016",11,TRUE,9
"FR-1-H_32_41_5787","FR_USCHB_94000",7,FALSE,-3
"FR-1-H_32_41_5787","FR_USAMNG_30918",6,TRUE,3
"FR-1-H_32_41_5788","FR_DHBGL_59140",5,NA,0
"FR-1-H_32_41_5788","FR_FTHB_31000",7,NA,0
"FR-1-H_32_41_5789","FR_LHB_87000",5,TRUE,3
"FR-1-H_32_41_5789","FR_SRVHB_83700",3,FALSE,-3
"FR-1-H_32_41_5790","FR_MHB_34000",10,TRUE,8
"FR-1-H_32_41_5790","FR_USIHB_94200",5,FALSE,-8
"FR-1-H_32_41_5791","FR_HBCN_44200",5,NA,0
"FR-1-H_32_41_5791","FR_PAUC_13100",3,NA,0
"FR-1-H_32_42_5792","FR_PAUC_13100",6,NA,0
"FR-1-H_32_42_5792","FR_CCMHB_28000",7,NA,0
"FR-1-H_32_42_5793","FR_IPHB_13806",3,FALSE,-10
"FR-1-H_32_42_5793","FR_PSGHB_75016",8,TRUE,10
"FR-1-H_32_42_5794","FR_USIHB_94200",4,FALSE,-1
"FR-1-H_32_42_5794","FR_HBCN_44200",7,TRUE,1
"FR-1-H_32_42_5795","FR_MHB_34000",7,TRUE,1
"FR-1-H_32_42_5795","FR_USCHB_94000",5,FALSE,-1
"FR-1-H_32_42_5796","FR_USAMNG_30918",6,TRUE,1
"FR-1-H_32_42_5796","FR_DHBGL_59140",6,FALSE,-1
"FR-1-H_32_42_5797","FR_SRVHB_83700",10,TRUE,3
"FR-1-H_32_42_5797","FR_CRMHB_35510",6,FALSE,-3
"FR-1-H_32_42_5798","FR_FTHB_31000",6,FALSE,-1
"FR-1-H_32_42_5798","FR_CSMBHB_73000",6,TRUE,1
"FR-1-H_32_42_5799","FR_TFHB_93290",6,TRUE,1
"FR-1-H_32_42_5799","FR_LHB_87000",6,FALSE,-1
"FR-1-H_32_43_5800","FR_PAUC_13100",5,FALSE,-2
"FR-1-H_32_43_5800","FR_SRVHB_83700",7,TRUE,2
"FR-1-H_32_43_5801","FR_CRMHB_35510",6,FALSE,-8
"FR-1-H_32_43_5801","FR_FTHB_31000",9,TRUE,8
"FR-1-H_32_43_5802","FR_CCMHB_28000",5,TRUE,1
"FR-1-H_32_43_5802","FR_IPHB_13806",8,FALSE,-1
"FR-1-H_32_43_5803","FR_USCHB_94000",8,TRUE,3
"FR-1-H_32_43_5803","FR_TFHB_93290",3,FALSE,-3
"FR-1-H_32_43_5804","FR_DHBGL_59140",3,FALSE,-7
"FR-1-H_32_43_5804","FR_MHB_34000",7,TRUE,7
"FR-1-H_32_43_5805","FR_LHB_87000",5,FALSE,-2
"FR-1-H_32_43_5805","FR_CSMBHB_73000",6,TRUE,2
"FR-1-H_32_43_5806","FR_HBCN_44200",8,TRUE,3
"FR-1-H_32_43_5806","FR_USAMNG_30918",5,FALSE,-3
"FR-1-H_32_43_5807","FR_PSGHB_75016",7,TRUE,9
"FR-1-H_32_43_5807","FR_USIHB_94200",3,FALSE,-9
"FR-1-H_32_44_5808","FR_CRMHB_35510",3,FALSE,-5
"FR-1-H_32_44_5808","FR_HBCN_44200",5,TRUE,5
"FR-1-H_32_44_5809","FR_CSMBHB_73000",7,TRUE,5
"FR-1-H_32_44_5809","FR_PAUC_13100",5,FALSE,-5
"FR-1-H_32_44_5810","FR_IPHB_13806",9,TRUE,4
"FR-1-H_32_44_5810","FR_USCHB_94000",3,FALSE,-4
"FR-1-H_32_44_5811","FR_USIHB_94200",4,TRUE,3
"FR-1-H_32_44_5811","FR_TFHB_93290",6,FALSE,-3
"FR-1-H_32_44_5812","FR_MHB_34000",8,TRUE,8
"FR-1-H_32_44_5812","FR_LHB_87000",6,FALSE,-8
"FR-1-H_32_44_5813","FR_USAMNG_30918",0,NA,NA
"FR-1-H_32_44_5813","FR_CCMHB_28000",0,NA,NA
"FR-1-H_32_44_5814","FR_SRVHB_83700",6,FALSE,-4
"FR-1-H_32_44_5814","FR_DHBGL_59140",6,TRUE,4
"FR-1-H_32_44_5815","FR_FTHB_31000",6,FALSE,-12
"FR-1-H_32_44_5815","FR_PSGHB_75016",12,TRUE,12
"FR-1-H_32_45_5816","FR_PAUC_13100",9,TRUE,4
"FR-1-H_32_45_5816","FR_IPHB_13806",5,FALSE,-4
"FR-1-H_32_45_5817","FR_CCMHB_28000",2,FALSE,-2
"FR-1-H_32_45_5817","FR_MHB_34000",6,TRUE,2
"FR-1-H_32_45_5818","FR_USCHB_94000",5,TRUE,1
"FR-1-H_32_45_5818","FR_FTHB_31000",5,FALSE,-1
"FR-1-H_32_45_5819","FR_DHBGL_59140",11,TRUE,12
"FR-1-H_32_45_5819","FR_USIHB_94200",2,FALSE,-12
"FR-1-H_32_45_5820","FR_LHB_87000",3,FALSE,-13
"FR-1-H_32_45_5820","FR_USAMNG_30918",10,TRUE,13
"FR-1-H_32_45_5821","FR_HBCN_44200",8,FALSE,-4
"FR-1-H_32_45_5821","FR_SRVHB_83700",9,TRUE,4
"FR-1-H_32_45_5822","FR_PSGHB_75016",7,TRUE,11
"FR-1-H_32_45_5822","FR_CSMBHB_73000",3,FALSE,-11
"FR-1-H_32_45_5823","FR_TFHB_93290",6,FALSE,-1
"FR-1-H_32_45_5823","FR_CRMHB_35510",6,TRUE,1
"FR-1-H_32_46_5824","FR_CRMHB_35510",8,TRUE,7
"FR-1-H_32_46_5824","FR_CCMHB_28000",4,FALSE,-7
"FR-1-H_32_46_5825","FR_CSMBHB_73000",6,FALSE,-2
"FR-1-H_32_46_5825","FR_USCHB_94000",7,TRUE,2
"FR-1-H_32_46_5826","FR_DHBGL_59140",4,FALSE,-8
"FR-1-H_32_46_5826","FR_PSGHB_75016",5,TRUE,8
"FR-1-H_32_46_5827","FR_USIHB_94200",8,NA,0
"FR-1-H_32_46_5827","FR_LHB_87000",8,NA,0
"FR-1-H_32_46_5828","FR_MHB_34000",10,TRUE,8
"FR-1-H_32_46_5828","FR_IPHB_13806",6,FALSE,-8
"FR-1-H_32_46_5829","FR_USAMNG_30918",6,FALSE,-1
"FR-1-H_32_46_5829","FR_PAUC_13100",8,TRUE,1
"FR-1-H_32_46_5830","FR_SRVHB_83700",5,NA,0
"FR-1-H_32_46_5830","FR_TFHB_93290",5,NA,0
"FR-1-H_32_46_5831","FR_FTHB_31000",7,NA,0
"FR-1-H_32_46_5831","FR_HBCN_44200",6,NA,0
"FR-1-H_32_47_5832","FR_PAUC_13100",8,TRUE,11
"FR-1-H_32_47_5832","FR_USCHB_94000",3,FALSE,-11
"FR-1-H_32_47_5833","FR_CCMHB_28000",5,FALSE,-1
"FR-1-H_32_47_5833","FR_CSMBHB_73000",6,TRUE,1
"FR-1-H_32_47_5834","FR_IPHB_13806",7,TRUE,2
"FR-1-H_32_47_5834","FR_USIHB_94200",5,FALSE,-2
"FR-1-H_32_47_5835","FR_LHB_87000",3,FALSE,-1
"FR-1-H_32_47_5835","FR_CRMHB_35510",3,TRUE,1
"FR-1-H_32_47_5836","FR_HBCN_44200",11,TRUE,16
"FR-1-H_32_47_5836","FR_DHBGL_59140",2,FALSE,-16
"FR-1-H_32_47_5837","FR_PSGHB_75016",8,TRUE,4
"FR-1-H_32_47_5837","FR_MHB_34000",5,FALSE,-4
"FR-1-H_32_47_5838","FR_SRVHB_83700",5,FALSE,-5
"FR-1-H_32_47_5838","FR_USAMNG_30918",9,TRUE,5
"FR-1-H_32_47_5839","FR_TFHB_93290",4,FALSE,-6
"FR-1-H_32_47_5839","FR_FTHB_31000",5,TRUE,6
"FR-1-H_32_48_5840","FR_CSMBHB_73000",7,TRUE,8
"FR-1-H_32_48_5840","FR_IPHB_13806",4,FALSE,-8
"FR-1-H_32_48_5841","FR_USCHB_94000",5,TRUE,2
"FR-1-H_32_48_5841","FR_LHB_87000",3,FALSE,-2
"FR-1-H_32_48_5842","FR_DHBGL_59140",6,FALSE,-1
"FR-1-H_32_48_5842","FR_CCMHB_28000",5,TRUE,1
"FR-1-H_32_48_5843","FR_USIHB_94200",4,NA,0
"FR-1-H_32_48_5843","FR_PAUC_13100",7,NA,0
"FR-1-H_32_48_5844","FR_MHB_34000",7,TRUE,11
"FR-1-H_32_48_5844","FR_TFHB_93290",5,FALSE,-11
"FR-1-H_32_48_5845","FR_USAMNG_30918",8,TRUE,3
"FR-1-H_32_48_5845","FR_CRMHB_35510",7,FALSE,-3
"FR-1-H_32_48_5846","FR_PSGHB_75016",7,FALSE,-2
"FR-1-H_32_48_5846","FR_HBCN_44200",6,TRUE,2
"FR-1-H_32_48_5847","FR_FTHB_31000",7,TRUE,5
"FR-1-H_32_48_5847","FR_SRVHB_83700",6,FALSE,-5
"FR-1-H_32_49_5848","FR_PAUC_13100",7,FALSE,-2
"FR-1-H_32_49_5848","FR_FTHB_31000",7,TRUE,2
"FR-1-H_32_49_5849","FR_CRMHB_35510",4,FALSE,-5
"FR-1-H_32_49_5849","FR_MHB_34000",7,TRUE,5
"FR-1-H_32_49_5850","FR_CCMHB_28000",11,TRUE,9
"FR-1-H_32_49_5850","FR_USCHB_94000",4,FALSE,-9
"FR-1-H_32_49_5851","FR_IPHB_13806",3,FALSE,-5
"FR-1-H_32_49_5851","FR_USAMNG_30918",6,TRUE,5
"FR-1-H_32_49_5852","FR_LHB_87000",2,FALSE,-13
"FR-1-H_32_49_5852","FR_PSGHB_75016",10,TRUE,13
"FR-1-H_32_49_5853","FR_HBCN_44200",8,TRUE,5
"FR-1-H_32_49_5853","FR_CSMBHB_73000",5,FALSE,-5
"FR-1-H_32_49_5854","FR_SRVHB_83700",4,TRUE,2
"FR-1-H_32_49_5854","FR_USIHB_94200",6,FALSE,-2
"FR-1-H_32_49_5855","FR_TFHB_93290",3,FALSE,-5
"FR-1-H_32_49_5855","FR_DHBGL_59140",6,TRUE,5
"FR-1-H_32_50_5856","FR_CSMBHB_73000",6,NA,0
"FR-1-H_32_50_5856","FR_MHB_34000",4,NA,0
"FR-1-H_32_50_5857","FR_USCHB_94000",7,TRUE,5
"FR-1-H_32_50_5857","FR_SRVHB_83700",6,FALSE,-5
"FR-1-H_32_50_5858","FR_PAUC_13100",6,TRUE,5
"FR-1-H_32_50_5858","FR_DHBGL_59140",3,FALSE,-5
"FR-1-H_32_50_5859","FR_IPHB_13806",5,FALSE,-7
"FR-1-H_32_50_5859","FR_HBCN_44200",11,TRUE,7
"FR-1-H_32_50_5860","FR_USIHB_94200",1,FALSE,-15
"FR-1-H_32_50_5860","FR_CRMHB_35510",6,TRUE,15
"FR-1-H_32_50_5861","FR_LHB_87000",6,TRUE,2
"FR-1-H_32_50_5861","FR_CCMHB_28000",6,FALSE,-2
"FR-1-H_32_50_5862","FR_USAMNG_30918",7,FALSE,-1
"FR-1-H_32_50_5862","FR_FTHB_31000",5,TRUE,1
"FR-1-H_32_91_5864","FR_PAUC_13100",5,FALSE,-1
"FR-1-H_32_91_5864","FR_PSGHB_75016",6,TRUE,1
"FR-1-H_32_91_5865","FR_CRMHB_35510",4,FALSE,-8
"FR-1-H_32_91_5865","FR_DHBGL_59140",7,TRUE,8
"FR-1-H_32_91_5866","FR_USIHB_94200",3,FALSE,-4
"FR-1-H_32_91_5866","FR_USCHB_94000",7,TRUE,4
"FR-1-H_32_91_5867","FR_MHB_34000",8,NA,0
"FR-1-H_32_91_5867","FR_USAMNG_30918",8,NA,0
"FR-1-H_32_91_5868","FR_HBCN_44200",10,TRUE,16
"FR-1-H_32_91_5868","FR_LHB_87000",3,FALSE,-16
"FR-1-H_32_91_5869","FR_SRVHB_83700",7,NA,0
"FR-1-H_32_91_5869","FR_CSMBHB_73000",7,NA,0
"FR-1-H_32_91_5870","FR_FTHB_31000",5,TRUE,2
"FR-1-H_32_91_5870","FR_CCMHB_28000",5,FALSE,-2
"FR-1-H_32_91_5871","FR_TFHB_93290",7,FALSE,-1
"FR-1-H_32_91_5871","FR_IPHB_13806",6,TRUE,1
"FR-1-H_32_92_5872","FR_CSMBHB_73000",8,NA,0
"FR-1-H_32_92_5872","FR_CRMHB_35510",8,NA,0
"FR-1-H_32_92_5873","FR_CCMHB_28000",9,TRUE,5
"FR-1-H_32_92_5873","FR_TFHB_93290",4,FALSE,-5
"FR-1-H_32_92_5874","FR_USCHB_94000",4,FALSE,-14
"FR-1-H_32_92_5874","FR_HBCN_44200",8,TRUE,14
"FR-1-H_32_92_5875","FR_IPHB_13806",5,FALSE,-8
"FR-1-H_32_92_5875","FR_FTHB_31000",8,TRUE,8
"FR-1-H_32_92_5876","FR_LHB_87000",4,NA,0
"FR-1-H_32_92_5876","FR_DHBGL_59140",6,NA,0
"FR-1-H_32_92_5877","FR_MHB_34000",6,TRUE,1
"FR-1-H_32_92_5877","FR_PAUC_13100",5,FALSE,-1
"FR-1-H_32_92_5878","FR_USAMNG_30918",7,TRUE,8
"FR-1-H_32_92_5878","FR_USIHB_94200",3,FALSE,-8
"FR-1-H_32_92_5879","FR_PSGHB_75016",9,TRUE,11
"FR-1-H_32_92_5879","FR_SRVHB_83700",5,FALSE,-11
"FR-1-H_32_93_5880","FR_PAUC_13100",6,TRUE,2
"FR-1-H_32_93_5880","FR_LHB_87000",5,FALSE,-2
"FR-1-H_32_93_5881","FR_CRMHB_35510",8,FALSE,-7
"FR-1-H_32_93_5881","FR_PSGHB_75016",8,TRUE,7
"FR-1-H_32_93_5882","FR_DHBGL_59140",6,TRUE,4
"FR-1-H_32_93_5882","FR_USCHB_94000",6,FALSE,-4
"FR-1-H_32_93_5883","FR_USIHB_94200",5,TRUE,1
"FR-1-H_32_93_5883","FR_CSMBHB_73000",7,FALSE,-1
"FR-1-H_32_93_5884","FR_HBCN_44200",8,TRUE,5
"FR-1-H_32_93_5884","FR_CCMHB_28000",7,FALSE,-5
"FR-1-H_32_93_5885","FR_SRVHB_83700",7,FALSE,-6
"FR-1-H_32_93_5885","FR_IPHB_13806",7,TRUE,6
"FR-1-H_32_93_5886","FR_FTHB_31000",7,FALSE,-2
"FR-1-H_32_93_5886","FR_MHB_34000",9,TRUE,2
"FR-1-H_32_93_5887","FR_TFHB_93290",4,NA,0
"FR-1-H_32_93_5887","FR_USAMNG_30918",7,NA,0
"FR-1-H_32_94_5888","FR_CSMBHB_73000",8,TRUE,6
"FR-1-H_32_94_5888","FR_DHBGL_59140",3,FALSE,-6
"FR-1-H_32_94_5889","FR_CCMHB_28000",4,FALSE,-1
"FR-1-H_32_94_5889","FR_SRVHB_83700",6,TRUE,1
"FR-1-H_32_94_5890","FR_USCHB_94000",7,TRUE,8
"FR-1-H_32_94_5890","FR_CRMHB_35510",4,FALSE,-8
"FR-1-H_32_94_5891","FR_IPHB_13806",6,FALSE,-1
"FR-1-H_32_94_5891","FR_LHB_87000",6,TRUE,1
"FR-1-H_32_94_5892","FR_HBCN_44200",9,TRUE,9
"FR-1-H_32_94_5892","FR_MHB_34000",6,FALSE,-9
"FR-1-H_32_94_5893","FR_PSGHB_75016",13,TRUE,20
"FR-1-H_32_94_5893","FR_USAMNG_30918",4,FALSE,-20
"FR-1-H_32_94_5894","FR_FTHB_31000",7,TRUE,6
"FR-1-H_32_94_5894","FR_USIHB_94200",5,FALSE,-6
"FR-1-H_32_94_5895","FR_TFHB_93290",5,FALSE,-7
"FR-1-H_32_94_5895","FR_PAUC_13100",7,TRUE,7
"JO-H-2021_1_3","INTER_SUEDE",5,TRUE,1
"JO-H-2021_1_3","INTER_BAHRAIN",5,FALSE,-1
"JO-H-2021_1_4","INTER_ALLEMAGNE",0,NA,NA
"JO-H-2021_1_4","INTER_ESPAGNE",0,NA,NA
"JO-H-2021_1_5","INTER_PORTUGAL",6,FALSE,-7
"JO-H-2021_1_5","INTER_EGYPTE",9,TRUE,7
"JO-H-2021_1_6","INTER_DANEMARK",11,TRUE,17
"JO-H-2021_1_6","INTER_JAPON",4,FALSE,-17
"JO-H-2021_2_11","INTER_BAHRAIN",3,FALSE,-1
"JO-H-2021_2_11","INTER_PORTUGAL",7,TRUE,1
"JO-H-2021_2_12","INTER_JAPON",4,FALSE,-2
"JO-H-2021_2_12","INTER_SUEDE",6,TRUE,2
"JO-H-2021_2_9","INTER_EGYPTE",2,FALSE,-4
"JO-H-2021_2_9","INTER_DANEMARK",6,TRUE,4
"JO-H-2021_3_13","INTER_DANEMARK",7,TRUE,11
"JO-H-2021_3_13","INTER_BAHRAIN",3,FALSE,-11
"JO-H-2021_3_14","INTER_SUEDE",8,TRUE,1
"JO-H-2021_3_14","INTER_PORTUGAL",6,FALSE,-1
"JO-H-2021_3_15","INTER_JAPON",6,FALSE,-5
"JO-H-2021_3_15","INTER_EGYPTE",9,TRUE,5
"JO-H-2021_3_18","INTER_FRANCE",7,TRUE,2
"JO-H-2021_3_18","INTER_ALLEMAGNE",7,FALSE,-2
"JO-H-2021_4_20","INTER_BAHRAIN",6,TRUE,2
"JO-H-2021_4_20","INTER_JAPON",5,FALSE,-2
"JO-H-2021_4_22","INTER_SUEDE",4,FALSE,-5
"JO-H-2021_4_22","INTER_EGYPTE",8,TRUE,5
"JO-H-2021_4_23","INTER_PORTUGAL",6,FALSE,-6
"JO-H-2021_4_23","INTER_DANEMARK",8,TRUE,6
"JO-H-2021_4_24","INTER_ALLEMAGNE",8,TRUE,4
"JO-H-2021_4_24","INTER_NORVEGE",5,FALSE,-4
"JO-H-2021_5_26","INTER_EGYPTE",8,TRUE,11
"JO-H-2021_5_26","INTER_BAHRAIN",4,FALSE,-11
"JO-H-2021_5_28","INTER_NORVEGE",0,NA,NA
"JO-H-2021_5_28","INTER_FRANCE",0,NA,NA
"JO-H-2021_5_29","INTER_ALLEMAGNE",6,TRUE,5
"JO-H-2021_5_29","INTER_BRESIL",6,FALSE,-5
